<?xml version="1.0" encoding="UTF-8" ?>
<Data><Series>
  <id>100821</id>
  <Actors>||</Actors>
  <Airs_DayOfWeek>Saturday</Airs_DayOfWeek>
  <Airs_Time></Airs_Time>
  <ContentRating>TV-MA</ContentRating>
  <FirstAired>2008-02-04</FirstAired>
  <Genre>|Comedy|</Genre>
  <IMDB_ID>tt1234500</IMDB_ID>
  <Language>en</Language>
  <Network></Network>
  <NetworkID></NetworkID>
  <Overview>Dorm Life is a comedic mockumentary following the lives of ten college students thrown together on the same dorm floor – 5 South. Full of mischief, adventures, rivalries and romance, the series offers an insider's view of the rocky, and often awkward, road to adulthood.</Overview>
  <Rating>10.0</Rating>
  <RatingCount>2</RatingCount>
  <Runtime>10</Runtime>
  <SeriesID>77245</SeriesID>
  <SeriesName>Dorm Life</SeriesName>
  <Status>Continuing</Status>
  <added>2009-06-24 18:45:23</added>
  <addedBy>36141</addedBy>
  <banner>graphical/100821-g2.jpg</banner>
  <fanart>fanart/original/100821-1.jpg</fanart>
  <lastupdated>1309036577</lastupdated>
  <poster></poster>
  <zap2it_id></zap2it_id>
</Series>
<Episode>
  <id>793371</id>
  <Combined_episodenumber>1</Combined_episodenumber>
  <Combined_season>1</Combined_season>
  <DVD_chapter></DVD_chapter>
  <DVD_discid></DVD_discid>
  <DVD_episodenumber></DVD_episodenumber>
  <DVD_season></DVD_season>
  <Director></Director>
  <EpImgFlag></EpImgFlag>
  <EpisodeName>Roommates</EpisodeName>
  <EpisodeNumber>1</EpisodeNumber>
  <FirstAired>2008-02-04</FirstAired>
  <GuestStars></GuestStars>
  <IMDB_ID></IMDB_ID>
  <Language>en</Language>
  <Overview>In the series premiere, the floor mates fill out their roommate contracts and prepare for the first social event...a pita party.</Overview>
  <ProductionCode></ProductionCode>
  <Rating></Rating>
  <RatingCount>0</RatingCount>
  <SeasonNumber>1</SeasonNumber>
  <Writer></Writer>
  <absolute_number></absolute_number>
  <filename></filename>
  <lastupdated>1309034964</lastupdated>
  <seasonid>82661</seasonid>
  <seriesid>100821</seriesid>
</Episode>
<Episode>
  <id>793381</id>
  <Combined_episodenumber>2</Combined_episodenumber>
  <Combined_season>1</Combined_season>
  <DVD_chapter></DVD_chapter>
  <DVD_discid></DVD_discid>
  <DVD_episodenumber></DVD_episodenumber>
  <DVD_season></DVD_season>
  <Director></Director>
  <EpImgFlag></EpImgFlag>
  <EpisodeName>Game Night</EpisodeName>
  <EpisodeNumber>2</EpisodeNumber>
  <FirstAired>2008-02-04</FirstAired>
  <GuestStars></GuestStars>
  <IMDB_ID></IMDB_ID>
  <Language>en</Language>
  <Overview>The floor mates play a revealing game of ten fingers as some rush to experience Greek Life.</Overview>
  <ProductionCode></ProductionCode>
  <Rating></Rating>
  <RatingCount>0</RatingCount>
  <SeasonNumber>1</SeasonNumber>
  <Writer></Writer>
  <absolute_number></absolute_number>
  <filename></filename>
  <lastupdated>1309034992</lastupdated>
  <seasonid>82661</seasonid>
  <seriesid>100821</seriesid>
</Episode>
<Episode>
  <id>793391</id>
  <Combined_episodenumber>3</Combined_episodenumber>
  <Combined_season>1</Combined_season>
  <DVD_chapter></DVD_chapter>
  <DVD_discid></DVD_discid>
  <DVD_episodenumber></DVD_episodenumber>
  <DVD_season></DVD_season>
  <Director></Director>
  <EpImgFlag></EpImgFlag>
  <EpisodeName>The Smell</EpisodeName>
  <EpisodeNumber>3</EpisodeNumber>
  <FirstAired>2008-02-04</FirstAired>
  <GuestStars></GuestStars>
  <IMDB_ID></IMDB_ID>
  <Language>en</Language>
  <Overview>Everyone is distracted by a mysterious odor on the floor during fraternity/sorority bid week.</Overview>
  <ProductionCode></ProductionCode>
  <Rating></Rating>
  <RatingCount>0</RatingCount>
  <SeasonNumber>1</SeasonNumber>
  <Writer></Writer>
  <absolute_number></absolute_number>
  <filename></filename>
  <lastupdated>1309034999</lastupdated>
  <seasonid>82661</seasonid>
  <seriesid>100821</seriesid>
</Episode>
<Episode>
  <id>793401</id>
  <Combined_episodenumber>4</Combined_episodenumber>
  <Combined_season>1</Combined_season>
  <DVD_chapter></DVD_chapter>
  <DVD_discid></DVD_discid>
  <DVD_episodenumber></DVD_episodenumber>
  <DVD_season></DVD_season>
  <Director></Director>
  <EpImgFlag></EpImgFlag>
  <EpisodeName>Campaign</EpisodeName>
  <EpisodeNumber>4</EpisodeNumber>
  <FirstAired>2008-02-04</FirstAired>
  <GuestStars></GuestStars>
  <IMDB_ID></IMDB_ID>
  <Language>en</Language>
  <Overview>Marshall holds an election for floor government, preceded by uncanny campaigning.</Overview>
  <ProductionCode></ProductionCode>
  <Rating></Rating>
  <RatingCount>0</RatingCount>
  <SeasonNumber>1</SeasonNumber>
  <Writer></Writer>
  <absolute_number></absolute_number>
  <filename></filename>
  <lastupdated>1309035006</lastupdated>
  <seasonid>82661</seasonid>
  <seriesid>100821</seriesid>
</Episode>
<Episode>
  <id>793411</id>
  <Combined_episodenumber>5</Combined_episodenumber>
  <Combined_season>1</Combined_season>
  <DVD_chapter></DVD_chapter>
  <DVD_discid></DVD_discid>
  <DVD_episodenumber></DVD_episodenumber>
  <DVD_season></DVD_season>
  <Director></Director>
  <EpImgFlag></EpImgFlag>
  <EpisodeName>Pranks</EpisodeName>
  <EpisodeNumber>5</EpisodeNumber>
  <FirstAired>2008-02-11</FirstAired>
  <GuestStars></GuestStars>
  <IMDB_ID></IMDB_ID>
  <Language>en</Language>
  <Overview>When Mike's younger brother comes to visit, the floor gets wrapped up in a prank war.</Overview>
  <ProductionCode></ProductionCode>
  <Rating></Rating>
  <RatingCount>0</RatingCount>
  <SeasonNumber>1</SeasonNumber>
  <Writer></Writer>
  <absolute_number></absolute_number>
  <filename></filename>
  <lastupdated>1309035061</lastupdated>
  <seasonid>82661</seasonid>
  <seriesid>100821</seriesid>
</Episode>
<Episode>
  <id>793421</id>
  <Combined_episodenumber>6</Combined_episodenumber>
  <Combined_season>1</Combined_season>
  <DVD_chapter></DVD_chapter>
  <DVD_discid></DVD_discid>
  <DVD_episodenumber></DVD_episodenumber>
  <DVD_season></DVD_season>
  <Director></Director>
  <EpImgFlag></EpImgFlag>
  <EpisodeName>I.M. Football</EpisodeName>
  <EpisodeNumber>6</EpisodeNumber>
  <FirstAired>2008-02-18</FirstAired>
  <GuestStars></GuestStars>
  <IMDB_ID></IMDB_ID>
  <Language>en</Language>
  <Overview>The floor unites to compete in an Intramural flag football game against another floor.</Overview>
  <ProductionCode></ProductionCode>
  <Rating></Rating>
  <RatingCount>0</RatingCount>
  <SeasonNumber>1</SeasonNumber>
  <Writer></Writer>
  <absolute_number></absolute_number>
  <filename></filename>
  <lastupdated>1309035072</lastupdated>
  <seasonid>82661</seasonid>
  <seriesid>100821</seriesid>
</Episode>
<Episode>
  <id>793431</id>
  <Combined_episodenumber>7</Combined_episodenumber>
  <Combined_season>1</Combined_season>
  <DVD_chapter></DVD_chapter>
  <DVD_discid></DVD_discid>
  <DVD_episodenumber></DVD_episodenumber>
  <DVD_season></DVD_season>
  <Director></Director>
  <EpImgFlag></EpImgFlag>
  <EpisodeName>The Date Party</EpisodeName>
  <EpisodeNumber>7</EpisodeNumber>
  <FirstAired>2008-02-25</FirstAired>
  <GuestStars></GuestStars>
  <IMDB_ID></IMDB_ID>
  <Language>en</Language>
  <Overview>Brit and Court bring two male floor mates to a sorority function as Marshall is called in by the Resident Director to discuss his violent actions in the previous episode.</Overview>
  <ProductionCode></ProductionCode>
  <Rating></Rating>
  <RatingCount>0</RatingCount>
  <SeasonNumber>1</SeasonNumber>
  <Writer></Writer>
  <absolute_number></absolute_number>
  <filename></filename>
  <lastupdated>1309035166</lastupdated>
  <seasonid>82661</seasonid>
  <seriesid>100821</seriesid>
</Episode>
<Episode>
  <id>793441</id>
  <Combined_episodenumber>8</Combined_episodenumber>
  <Combined_season>1</Combined_season>
  <DVD_chapter></DVD_chapter>
  <DVD_discid></DVD_discid>
  <DVD_episodenumber></DVD_episodenumber>
  <DVD_season></DVD_season>
  <Director></Director>
  <EpImgFlag></EpImgFlag>
  <EpisodeName>Halloween</EpisodeName>
  <EpisodeNumber>8</EpisodeNumber>
  <FirstAired>2008-03-03</FirstAired>
  <GuestStars></GuestStars>
  <IMDB_ID></IMDB_ID>
  <Language>en</Language>
  <Overview>Brit and Court leave for a party dressed scandalously, while Steph gathers the rest of the floor for a Halloween program she planned.</Overview>
  <ProductionCode></ProductionCode>
  <Rating></Rating>
  <RatingCount>0</RatingCount>
  <SeasonNumber>1</SeasonNumber>
  <Writer></Writer>
  <absolute_number></absolute_number>
  <filename></filename>
  <lastupdated>1309035121</lastupdated>
  <seasonid>82661</seasonid>
  <seriesid>100821</seriesid>
</Episode>
<Episode>
  <id>793451</id>
  <Combined_episodenumber>9</Combined_episodenumber>
  <Combined_season>1</Combined_season>
  <DVD_chapter></DVD_chapter>
  <DVD_discid></DVD_discid>
  <DVD_episodenumber></DVD_episodenumber>
  <DVD_season></DVD_season>
  <Director></Director>
  <EpImgFlag></EpImgFlag>
  <EpisodeName>The Talent Show</EpisodeName>
  <EpisodeNumber>9</EpisodeNumber>
  <FirstAired>2008-03-10</FirstAired>
  <GuestStars></GuestStars>
  <IMDB_ID></IMDB_ID>
  <Language>en</Language>
  <Overview>It's the floor talent show, hosted by Shane and Gopher...scripted by Steph.</Overview>
  <ProductionCode></ProductionCode>
  <Rating></Rating>
  <RatingCount>0</RatingCount>
  <SeasonNumber>1</SeasonNumber>
  <Writer></Writer>
  <absolute_number></absolute_number>
  <filename></filename>
  <lastupdated>1309035204</lastupdated>
  <seasonid>82661</seasonid>
  <seriesid>100821</seriesid>
</Episode>
<Episode>
  <id>793461</id>
  <Combined_episodenumber>10</Combined_episodenumber>
  <Combined_season>1</Combined_season>
  <DVD_chapter></DVD_chapter>
  <DVD_discid></DVD_discid>
  <DVD_episodenumber></DVD_episodenumber>
  <DVD_season></DVD_season>
  <Director></Director>
  <EpImgFlag></EpImgFlag>
  <EpisodeName>All Nighters</EpisodeName>
  <EpisodeNumber>10</EpisodeNumber>
  <FirstAired>2008-03-17</FirstAired>
  <GuestStars></GuestStars>
  <IMDB_ID></IMDB_ID>
  <Language>en</Language>
  <Overview>Midterms week arrives and the floor is forced to buckle down and study.</Overview>
  <ProductionCode></ProductionCode>
  <Rating></Rating>
  <RatingCount>0</RatingCount>
  <SeasonNumber>1</SeasonNumber>
  <Writer></Writer>
  <absolute_number></absolute_number>
  <filename></filename>
  <lastupdated>1309035213</lastupdated>
  <seasonid>82661</seasonid>
  <seriesid>100821</seriesid>
</Episode>
<Episode>
  <id>793471</id>
  <Combined_episodenumber>11</Combined_episodenumber>
  <Combined_season>1</Combined_season>
  <DVD_chapter></DVD_chapter>
  <DVD_discid></DVD_discid>
  <DVD_episodenumber></DVD_episodenumber>
  <DVD_season></DVD_season>
  <Director></Director>
  <EpImgFlag></EpImgFlag>
  <EpisodeName>(T)issues</EpisodeName>
  <EpisodeNumber>11</EpisodeNumber>
  <FirstAired>2008-03-24</FirstAired>
  <GuestStars></GuestStars>
  <IMDB_ID></IMDB_ID>
  <Language>en</Language>
  <Overview>The floor is struck with a rampantly contagious flu virus.</Overview>
  <ProductionCode></ProductionCode>
  <Rating></Rating>
  <RatingCount>0</RatingCount>
  <SeasonNumber>1</SeasonNumber>
  <Writer></Writer>
  <absolute_number></absolute_number>
  <filename></filename>
  <lastupdated>1309035254</lastupdated>
  <seasonid>82661</seasonid>
  <seriesid>100821</seriesid>
</Episode>
<Episode>
  <id>793481</id>
  <Combined_episodenumber>12</Combined_episodenumber>
  <Combined_season>1</Combined_season>
  <DVD_chapter></DVD_chapter>
  <DVD_discid></DVD_discid>
  <DVD_episodenumber></DVD_episodenumber>
  <DVD_season></DVD_season>
  <Director></Director>
  <EpImgFlag></EpImgFlag>
  <EpisodeName>Alarmed</EpisodeName>
  <EpisodeNumber>12</EpisodeNumber>
  <FirstAired>2008-03-31</FirstAired>
  <GuestStars></GuestStars>
  <IMDB_ID></IMDB_ID>
  <Language>en</Language>
  <Overview>The triple develops a brilliant plan to pull the fire alarm in order to uncover the identity of Danny B's &quot;Mystery Hot Girl&quot;.</Overview>
  <ProductionCode></ProductionCode>
  <Rating></Rating>
  <RatingCount>0</RatingCount>
  <SeasonNumber>1</SeasonNumber>
  <Writer></Writer>
  <absolute_number></absolute_number>
  <filename></filename>
  <lastupdated>1309035246</lastupdated>
  <seasonid>82661</seasonid>
  <seriesid>100821</seriesid>
</Episode>
<Episode>
  <id>793491</id>
  <Combined_episodenumber>13</Combined_episodenumber>
  <Combined_season>1</Combined_season>
  <DVD_chapter></DVD_chapter>
  <DVD_discid></DVD_discid>
  <DVD_episodenumber></DVD_episodenumber>
  <DVD_season></DVD_season>
  <Director></Director>
  <EpImgFlag></EpImgFlag>
  <EpisodeName>Recon Mission</EpisodeName>
  <EpisodeNumber>13</EpisodeNumber>
  <FirstAired>2008-04-07</FirstAired>
  <GuestStars></GuestStars>
  <IMDB_ID></IMDB_ID>
  <Language>en</Language>
  <Overview>With the help of Phil, Shane and Gopher rig an elaborate scheme to find out where Danny B's &quot;Mystery Hot Girl&quot; lives.</Overview>
  <ProductionCode></ProductionCode>
  <Rating></Rating>
  <RatingCount>0</RatingCount>
  <SeasonNumber>1</SeasonNumber>
  <Writer></Writer>
  <absolute_number></absolute_number>
  <filename></filename>
  <lastupdated>1309035606</lastupdated>
  <seasonid>82661</seasonid>
  <seriesid>100821</seriesid>
</Episode>
<Episode>
  <id>793501</id>
  <Combined_episodenumber>14</Combined_episodenumber>
  <Combined_season>1</Combined_season>
  <DVD_chapter></DVD_chapter>
  <DVD_discid></DVD_discid>
  <DVD_episodenumber></DVD_episodenumber>
  <DVD_season></DVD_season>
  <Director></Director>
  <EpImgFlag></EpImgFlag>
  <EpisodeName>Come (Out) Today</EpisodeName>
  <EpisodeNumber>14</EpisodeNumber>
  <FirstAired>2008-04-14</FirstAired>
  <GuestStars></GuestStars>
  <IMDB_ID></IMDB_ID>
  <Language>en</Language>
  <Overview>Andy, a low-profile floor resident, comes out as gay and suddenly he is the most popular guy on the floor. Josh, simultaneously, premieres his self-discovery themed play.</Overview>
  <ProductionCode></ProductionCode>
  <Rating></Rating>
  <RatingCount>0</RatingCount>
  <SeasonNumber>1</SeasonNumber>
  <Writer></Writer>
  <absolute_number></absolute_number>
  <filename></filename>
  <lastupdated>1309035624</lastupdated>
  <seasonid>82661</seasonid>
  <seriesid>100821</seriesid>
</Episode>
<Episode>
  <id>793511</id>
  <Combined_episodenumber>15</Combined_episodenumber>
  <Combined_season>1</Combined_season>
  <DVD_chapter></DVD_chapter>
  <DVD_discid></DVD_discid>
  <DVD_episodenumber></DVD_episodenumber>
  <DVD_season></DVD_season>
  <Director></Director>
  <EpImgFlag></EpImgFlag>
  <EpisodeName>Turkey Drop</EpisodeName>
  <EpisodeNumber>15</EpisodeNumber>
  <FirstAired>2008-04-21</FirstAired>
  <GuestStars></GuestStars>
  <IMDB_ID></IMDB_ID>
  <Language>en</Language>
  <Overview>The floor residents return from Thanksgiving break with some new developments.</Overview>
  <ProductionCode></ProductionCode>
  <Rating></Rating>
  <RatingCount>0</RatingCount>
  <SeasonNumber>1</SeasonNumber>
  <Writer></Writer>
  <absolute_number></absolute_number>
  <filename></filename>
  <lastupdated>1309035623</lastupdated>
  <seasonid>82661</seasonid>
  <seriesid>100821</seriesid>
</Episode>
<Episode>
  <id>793521</id>
  <Combined_episodenumber>16</Combined_episodenumber>
  <Combined_season>1</Combined_season>
  <DVD_chapter></DVD_chapter>
  <DVD_discid></DVD_discid>
  <DVD_episodenumber></DVD_episodenumber>
  <DVD_season></DVD_season>
  <Director></Director>
  <EpImgFlag></EpImgFlag>
  <EpisodeName>Teamwork</EpisodeName>
  <EpisodeNumber>16</EpisodeNumber>
  <FirstAired>2008-04-28</FirstAired>
  <GuestStars></GuestStars>
  <IMDB_ID></IMDB_ID>
  <Language>en</Language>
  <Overview>The floor participates in a team-building activity led by the Resident Director.</Overview>
  <ProductionCode></ProductionCode>
  <Rating></Rating>
  <RatingCount>0</RatingCount>
  <SeasonNumber>1</SeasonNumber>
  <Writer></Writer>
  <absolute_number></absolute_number>
  <filename></filename>
  <lastupdated>1309035632</lastupdated>
  <seasonid>82661</seasonid>
  <seriesid>100821</seriesid>
</Episode>
<Episode>
  <id>793531</id>
  <Combined_episodenumber>17</Combined_episodenumber>
  <Combined_season>1</Combined_season>
  <DVD_chapter></DVD_chapter>
  <DVD_discid></DVD_discid>
  <DVD_episodenumber></DVD_episodenumber>
  <DVD_season></DVD_season>
  <Director></Director>
  <EpImgFlag></EpImgFlag>
  <EpisodeName>Marshall's New Hat</EpisodeName>
  <EpisodeNumber>17</EpisodeNumber>
  <FirstAired>2008-05-05</FirstAired>
  <GuestStars></GuestStars>
  <IMDB_ID></IMDB_ID>
  <Language>en</Language>
  <Overview>Marshall's accomplished and cool twin brother William shows up for a visit.</Overview>
  <ProductionCode></ProductionCode>
  <Rating></Rating>
  <RatingCount>0</RatingCount>
  <SeasonNumber>1</SeasonNumber>
  <Writer></Writer>
  <absolute_number></absolute_number>
  <filename></filename>
  <lastupdated>1309035722</lastupdated>
  <seasonid>82661</seasonid>
  <seriesid>100821</seriesid>
</Episode>
<Episode>
  <id>793541</id>
  <Combined_episodenumber>18</Combined_episodenumber>
  <Combined_season>1</Combined_season>
  <DVD_chapter></DVD_chapter>
  <DVD_discid></DVD_discid>
  <DVD_episodenumber></DVD_episodenumber>
  <DVD_season></DVD_season>
  <Director></Director>
  <EpImgFlag></EpImgFlag>
  <EpisodeName>Group Shot</EpisodeName>
  <EpisodeNumber>18</EpisodeNumber>
  <FirstAired>2008-05-12</FirstAired>
  <GuestStars></GuestStars>
  <IMDB_ID></IMDB_ID>
  <Language>en</Language>
  <Overview>The floor is left without supervision when a post-breakdown Marshall checks himself into a spa.</Overview>
  <ProductionCode></ProductionCode>
  <Rating></Rating>
  <RatingCount>0</RatingCount>
  <SeasonNumber>1</SeasonNumber>
  <Writer></Writer>
  <absolute_number></absolute_number>
  <filename></filename>
  <lastupdated>1309035731</lastupdated>
  <seasonid>82661</seasonid>
  <seriesid>100821</seriesid>
</Episode>
<Episode>
  <id>793551</id>
  <Combined_episodenumber>19</Combined_episodenumber>
  <Combined_season>1</Combined_season>
  <DVD_chapter></DVD_chapter>
  <DVD_discid></DVD_discid>
  <DVD_episodenumber></DVD_episodenumber>
  <DVD_season></DVD_season>
  <Director></Director>
  <EpImgFlag></EpImgFlag>
  <EpisodeName>He's Back</EpisodeName>
  <EpisodeNumber>19</EpisodeNumber>
  <FirstAired>2008-05-19</FirstAired>
  <GuestStars></GuestStars>
  <IMDB_ID></IMDB_ID>
  <Language>en</Language>
  <Overview>The floor prepares for finals week - and potential new relationships.</Overview>
  <ProductionCode></ProductionCode>
  <Rating></Rating>
  <RatingCount>0</RatingCount>
  <SeasonNumber>1</SeasonNumber>
  <Writer></Writer>
  <absolute_number></absolute_number>
  <filename></filename>
  <lastupdated>1309035738</lastupdated>
  <seasonid>82661</seasonid>
  <seriesid>100821</seriesid>
</Episode>
<Episode>
  <id>793561</id>
  <Combined_episodenumber>20</Combined_episodenumber>
  <Combined_season>1</Combined_season>
  <DVD_chapter></DVD_chapter>
  <DVD_discid></DVD_discid>
  <DVD_episodenumber></DVD_episodenumber>
  <DVD_season></DVD_season>
  <Director></Director>
  <EpImgFlag></EpImgFlag>
  <EpisodeName>Finals</EpisodeName>
  <EpisodeNumber>20</EpisodeNumber>
  <FirstAired>2008-05-26</FirstAired>
  <GuestStars></GuestStars>
  <IMDB_ID></IMDB_ID>
  <Language>en</Language>
  <Overview>It's the week before Christmas and love is in the air.</Overview>
  <ProductionCode></ProductionCode>
  <Rating></Rating>
  <RatingCount>0</RatingCount>
  <SeasonNumber>1</SeasonNumber>
  <Writer></Writer>
  <absolute_number></absolute_number>
  <filename></filename>
  <lastupdated>1309035746</lastupdated>
  <seasonid>82661</seasonid>
  <seriesid>100821</seriesid>
</Episode>
<Episode>
  <id>793571</id>
  <Combined_episodenumber>1</Combined_episodenumber>
  <Combined_season>2</Combined_season>
  <DVD_chapter></DVD_chapter>
  <DVD_discid></DVD_discid>
  <DVD_episodenumber></DVD_episodenumber>
  <DVD_season></DVD_season>
  <Director></Director>
  <EpImgFlag></EpImgFlag>
  <EpisodeName>Welcome Back!</EpisodeName>
  <EpisodeNumber>1</EpisodeNumber>
  <FirstAired>2009-03-02</FirstAired>
  <GuestStars></GuestStars>
  <IMDB_ID></IMDB_ID>
  <Language>en</Language>
  <Overview>All the floormates return after winter break for a traditional run through campus while only in underwear, a Button Bonanza, and a shocking revelation about two of the floormates.</Overview>
  <ProductionCode></ProductionCode>
  <Rating></Rating>
  <RatingCount>0</RatingCount>
  <SeasonNumber>2</SeasonNumber>
  <Writer></Writer>
  <absolute_number></absolute_number>
  <filename></filename>
  <lastupdated>1309036149</lastupdated>
  <seasonid>82671</seasonid>
  <seriesid>100821</seriesid>
</Episode>
<Episode>
  <id>793581</id>
  <Combined_episodenumber>2</Combined_episodenumber>
  <Combined_season>2</Combined_season>
  <DVD_chapter></DVD_chapter>
  <DVD_discid></DVD_discid>
  <DVD_episodenumber></DVD_episodenumber>
  <DVD_season></DVD_season>
  <Director></Director>
  <EpImgFlag></EpImgFlag>
  <EpisodeName>The Screening</EpisodeName>
  <EpisodeNumber>2</EpisodeNumber>
  <FirstAired>2009-03-02</FirstAired>
  <GuestStars></GuestStars>
  <IMDB_ID></IMDB_ID>
  <Language>en</Language>
  <Overview>A screening of first semester footages leads to tense moments, culminating with Mike confronting Brittany.</Overview>
  <ProductionCode></ProductionCode>
  <Rating></Rating>
  <RatingCount>0</RatingCount>
  <SeasonNumber>2</SeasonNumber>
  <Writer></Writer>
  <absolute_number></absolute_number>
  <filename></filename>
  <lastupdated>1309036158</lastupdated>
  <seasonid>82671</seasonid>
  <seriesid>100821</seriesid>
</Episode>
<Episode>
  <id>793591</id>
  <Combined_episodenumber>3</Combined_episodenumber>
  <Combined_season>2</Combined_season>
  <DVD_chapter></DVD_chapter>
  <DVD_discid></DVD_discid>
  <DVD_episodenumber></DVD_episodenumber>
  <DVD_season></DVD_season>
  <Director></Director>
  <EpImgFlag></EpImgFlag>
  <EpisodeName>Markers</EpisodeName>
  <EpisodeNumber>3</EpisodeNumber>
  <FirstAired>2009-03-09</FirstAired>
  <GuestStars></GuestStars>
  <IMDB_ID></IMDB_ID>
  <Language>en</Language>
  <Overview>Mike introduces the game of Markers to the floor, while Brit introduces the floor to her boyfriend Derrick.</Overview>
  <ProductionCode></ProductionCode>
  <Rating></Rating>
  <RatingCount>0</RatingCount>
  <SeasonNumber>2</SeasonNumber>
  <Writer></Writer>
  <absolute_number></absolute_number>
  <filename></filename>
  <lastupdated>1309036172</lastupdated>
  <seasonid>82671</seasonid>
  <seriesid>100821</seriesid>
</Episode>
<Episode>
  <id>793601</id>
  <Combined_episodenumber>4</Combined_episodenumber>
  <Combined_season>2</Combined_season>
  <DVD_chapter></DVD_chapter>
  <DVD_discid></DVD_discid>
  <DVD_episodenumber></DVD_episodenumber>
  <DVD_season></DVD_season>
  <Director></Director>
  <EpImgFlag></EpImgFlag>
  <EpisodeName>Selling Out</EpisodeName>
  <EpisodeNumber>4</EpisodeNumber>
  <FirstAired>2008-03-16</FirstAired>
  <GuestStars></GuestStars>
  <IMDB_ID></IMDB_ID>
  <Language>en</Language>
  <Overview>President Shane holds court over a tense floor government meeting, in which the floor T-Shirt is voted upon and Shane's motives are questioned.</Overview>
  <ProductionCode></ProductionCode>
  <Rating></Rating>
  <RatingCount>0</RatingCount>
  <SeasonNumber>2</SeasonNumber>
  <Writer></Writer>
  <absolute_number></absolute_number>
  <filename></filename>
  <lastupdated>1309035943</lastupdated>
  <seasonid>82671</seasonid>
  <seriesid>100821</seriesid>
</Episode>
<Episode>
  <id>793611</id>
  <Combined_episodenumber>5</Combined_episodenumber>
  <Combined_season>2</Combined_season>
  <DVD_chapter></DVD_chapter>
  <DVD_discid></DVD_discid>
  <DVD_episodenumber></DVD_episodenumber>
  <DVD_season></DVD_season>
  <Director></Director>
  <EpImgFlag></EpImgFlag>
  <EpisodeName>A Capella</EpisodeName>
  <EpisodeNumber>5</EpisodeNumber>
  <FirstAired>2008-03-23</FirstAired>
  <GuestStars></GuestStars>
  <IMDB_ID></IMDB_ID>
  <Language>en</Language>
  <Overview>Marshall's a capella group visits the floor, and his relationship with Steph is scrutinized.</Overview>
  <ProductionCode></ProductionCode>
  <Rating></Rating>
  <RatingCount>0</RatingCount>
  <SeasonNumber>2</SeasonNumber>
  <Writer></Writer>
  <absolute_number></absolute_number>
  <filename></filename>
  <lastupdated>1309035953</lastupdated>
  <seasonid>82671</seasonid>
  <seriesid>100821</seriesid>
</Episode>
<Episode>
  <id>793621</id>
  <Combined_episodenumber>6</Combined_episodenumber>
  <Combined_season>2</Combined_season>
  <DVD_chapter></DVD_chapter>
  <DVD_discid></DVD_discid>
  <DVD_episodenumber></DVD_episodenumber>
  <DVD_season></DVD_season>
  <Director></Director>
  <EpImgFlag></EpImgFlag>
  <EpisodeName>Valentine's Day</EpisodeName>
  <EpisodeNumber>6</EpisodeNumber>
  <FirstAired>2008-03-30</FirstAired>
  <GuestStars></GuestStars>
  <IMDB_ID></IMDB_ID>
  <Language>en</Language>
  <Overview>Love is in the air, and the boys are scrambling to make this Valentine's Day count.</Overview>
  <ProductionCode></ProductionCode>
  <Rating></Rating>
  <RatingCount>0</RatingCount>
  <SeasonNumber>2</SeasonNumber>
  <Writer></Writer>
  <absolute_number></absolute_number>
  <filename></filename>
  <lastupdated>1309035959</lastupdated>
  <seasonid>82671</seasonid>
  <seriesid>100821</seriesid>
</Episode>
<Episode>
  <id>793631</id>
  <Combined_episodenumber>7</Combined_episodenumber>
  <Combined_season>2</Combined_season>
  <DVD_chapter></DVD_chapter>
  <DVD_discid></DVD_discid>
  <DVD_episodenumber></DVD_episodenumber>
  <DVD_season></DVD_season>
  <Director></Director>
  <EpImgFlag></EpImgFlag>
  <EpisodeName>Traumatic Event</EpisodeName>
  <EpisodeNumber>7</EpisodeNumber>
  <FirstAired>2009-04-06</FirstAired>
  <GuestStars></GuestStars>
  <IMDB_ID></IMDB_ID>
  <Language>en</Language>
  <Overview>Daniel runs in to Jayme in the elevator; meanwhile, the floor bonds...without Mike.</Overview>
  <ProductionCode></ProductionCode>
  <Rating></Rating>
  <RatingCount>0</RatingCount>
  <SeasonNumber>2</SeasonNumber>
  <Writer></Writer>
  <absolute_number></absolute_number>
  <filename></filename>
  <lastupdated>1309036057</lastupdated>
  <seasonid>82671</seasonid>
  <seriesid>100821</seriesid>
</Episode>
<Episode>
  <id>793641</id>
  <Combined_episodenumber>8</Combined_episodenumber>
  <Combined_season>2</Combined_season>
  <DVD_chapter></DVD_chapter>
  <DVD_discid></DVD_discid>
  <DVD_episodenumber></DVD_episodenumber>
  <DVD_season></DVD_season>
  <Director></Director>
  <EpImgFlag></EpImgFlag>
  <EpisodeName>Camp Out</EpisodeName>
  <EpisodeNumber>8</EpisodeNumber>
  <FirstAired>2009-04-13</FirstAired>
  <GuestStars></GuestStars>
  <IMDB_ID></IMDB_ID>
  <Language>en</Language>
  <Overview>It's basketball season and the floor is camping out for tickets. Can Shane finish his paper in the midst of all this school spirit?</Overview>
  <ProductionCode></ProductionCode>
  <Rating></Rating>
  <RatingCount>0</RatingCount>
  <SeasonNumber>2</SeasonNumber>
  <Writer></Writer>
  <absolute_number></absolute_number>
  <filename></filename>
  <lastupdated>1309036071</lastupdated>
  <seasonid>82671</seasonid>
  <seriesid>100821</seriesid>
</Episode>
<Episode>
  <id>793651</id>
  <Combined_episodenumber>9</Combined_episodenumber>
  <Combined_season>2</Combined_season>
  <DVD_chapter></DVD_chapter>
  <DVD_discid></DVD_discid>
  <DVD_episodenumber></DVD_episodenumber>
  <DVD_season></DVD_season>
  <Director></Director>
  <EpImgFlag></EpImgFlag>
  <EpisodeName>Parent's Weekend</EpisodeName>
  <EpisodeNumber>9</EpisodeNumber>
  <FirstAired>2009-04-20</FirstAired>
  <GuestStars></GuestStars>
  <IMDB_ID></IMDB_ID>
  <Language>en</Language>
  <Overview>Everyone's parents arrive on the floor...well, maybe not everyone's.</Overview>
  <ProductionCode></ProductionCode>
  <Rating></Rating>
  <RatingCount>0</RatingCount>
  <SeasonNumber>2</SeasonNumber>
  <Writer></Writer>
  <absolute_number></absolute_number>
  <filename></filename>
  <lastupdated>1309036079</lastupdated>
  <seasonid>82671</seasonid>
  <seriesid>100821</seriesid>
</Episode>
<Episode>
  <id>793661</id>
  <Combined_episodenumber>10</Combined_episodenumber>
  <Combined_season>2</Combined_season>
  <DVD_chapter></DVD_chapter>
  <DVD_discid></DVD_discid>
  <DVD_episodenumber></DVD_episodenumber>
  <DVD_season></DVD_season>
  <Director></Director>
  <EpImgFlag></EpImgFlag>
  <EpisodeName>The List</EpisodeName>
  <EpisodeNumber>10</EpisodeNumber>
  <FirstAired>2009-04-27</FirstAired>
  <GuestStars></GuestStars>
  <IMDB_ID></IMDB_ID>
  <Language>en</Language>
  <Overview>People are scrambling to get on Aadit's good side in order to get on the list for his frat's upcoming party.</Overview>
  <ProductionCode></ProductionCode>
  <Rating></Rating>
  <RatingCount>0</RatingCount>
  <SeasonNumber>2</SeasonNumber>
  <Writer></Writer>
  <absolute_number></absolute_number>
  <filename></filename>
  <lastupdated>1309036088</lastupdated>
  <seasonid>82671</seasonid>
  <seriesid>100821</seriesid>
</Episode>
<Episode>
  <id>793671</id>
  <Combined_episodenumber>11</Combined_episodenumber>
  <Combined_season>2</Combined_season>
  <DVD_chapter></DVD_chapter>
  <DVD_discid></DVD_discid>
  <DVD_episodenumber></DVD_episodenumber>
  <DVD_season></DVD_season>
  <Director></Director>
  <EpImgFlag></EpImgFlag>
  <EpisodeName>The Frat Party</EpisodeName>
  <EpisodeNumber>11</EpisodeNumber>
  <FirstAired>2009-05-04</FirstAired>
  <GuestStars></GuestStars>
  <IMDB_ID></IMDB_ID>
  <Language>en</Language>
  <Overview>The frat party is here, and it might be time for Daniel to finally get his first kiss. Meanwhile, Mike is feeling more and more isolated.</Overview>
  <ProductionCode></ProductionCode>
  <Rating></Rating>
  <RatingCount>0</RatingCount>
  <SeasonNumber>2</SeasonNumber>
  <Writer></Writer>
  <absolute_number></absolute_number>
  <filename></filename>
  <lastupdated>1309036247</lastupdated>
  <seasonid>82671</seasonid>
  <seriesid>100821</seriesid>
</Episode>
<Episode>
  <id>793681</id>
  <Combined_episodenumber>12</Combined_episodenumber>
  <Combined_season>2</Combined_season>
  <DVD_chapter></DVD_chapter>
  <DVD_discid></DVD_discid>
  <DVD_episodenumber></DVD_episodenumber>
  <DVD_season></DVD_season>
  <Director></Director>
  <EpImgFlag></EpImgFlag>
  <EpisodeName>March Madness</EpisodeName>
  <EpisodeNumber>12</EpisodeNumber>
  <FirstAired>2009-05-11</FirstAired>
  <GuestStars></GuestStars>
  <IMDB_ID></IMDB_ID>
  <Language>en</Language>
  <Overview>The floor gathers in the triple to watch the Tournament game, but someone quickly becomes un-welcome.</Overview>
  <ProductionCode></ProductionCode>
  <Rating></Rating>
  <RatingCount>0</RatingCount>
  <SeasonNumber>2</SeasonNumber>
  <Writer></Writer>
  <absolute_number></absolute_number>
  <filename></filename>
  <lastupdated>1309036256</lastupdated>
  <seasonid>82671</seasonid>
  <seriesid>100821</seriesid>
</Episode>
<Episode>
  <id>793691</id>
  <Combined_episodenumber>13</Combined_episodenumber>
  <Combined_season>2</Combined_season>
  <DVD_chapter></DVD_chapter>
  <DVD_discid></DVD_discid>
  <DVD_episodenumber></DVD_episodenumber>
  <DVD_season></DVD_season>
  <Director></Director>
  <EpImgFlag></EpImgFlag>
  <EpisodeName>Spring Break #1</EpisodeName>
  <EpisodeNumber>13</EpisodeNumber>
  <FirstAired>2009-05-18</FirstAired>
  <GuestStars></GuestStars>
  <IMDB_ID></IMDB_ID>
  <Language>en</Language>
  <Overview>It's Spring Break, and the boys hit the road in search of the World's Largest Gopher. Meanwhile, Marshall takes Steph to Jamaican Me Spacey (a Jamaica-themed space camp), fulfilling her childhood dream.</Overview>
  <ProductionCode></ProductionCode>
  <Rating></Rating>
  <RatingCount>0</RatingCount>
  <SeasonNumber>2</SeasonNumber>
  <Writer></Writer>
  <absolute_number></absolute_number>
  <filename></filename>
  <lastupdated>1309036295</lastupdated>
  <seasonid>82671</seasonid>
  <seriesid>100821</seriesid>
</Episode>
<Episode>
  <id>793701</id>
  <Combined_episodenumber>14</Combined_episodenumber>
  <Combined_season>2</Combined_season>
  <DVD_chapter></DVD_chapter>
  <DVD_discid></DVD_discid>
  <DVD_episodenumber></DVD_episodenumber>
  <DVD_season></DVD_season>
  <Director></Director>
  <EpImgFlag></EpImgFlag>
  <EpisodeName>Spring Break #2</EpisodeName>
  <EpisodeNumber>14</EpisodeNumber>
  <FirstAired>2009-05-19</FirstAired>
  <GuestStars></GuestStars>
  <IMDB_ID></IMDB_ID>
  <Language>en</Language>
  <Overview>It's Spring Break, and the boys hit the road in search of the World's Largest Gopher. Meanwhile, Marshall takes Steph to Jamaican Me Spacey (a Jamaica-themed space camp), fulfilling her childhood dream.</Overview>
  <ProductionCode></ProductionCode>
  <Rating></Rating>
  <RatingCount>0</RatingCount>
  <SeasonNumber>2</SeasonNumber>
  <Writer></Writer>
  <absolute_number></absolute_number>
  <filename></filename>
  <lastupdated>1309036303</lastupdated>
  <seasonid>82671</seasonid>
  <seriesid>100821</seriesid>
</Episode>
<Episode>
  <id>793711</id>
  <Combined_episodenumber>15</Combined_episodenumber>
  <Combined_season>2</Combined_season>
  <DVD_chapter></DVD_chapter>
  <DVD_discid></DVD_discid>
  <DVD_episodenumber></DVD_episodenumber>
  <DVD_season></DVD_season>
  <Director></Director>
  <EpImgFlag></EpImgFlag>
  <EpisodeName>Spring Break #3</EpisodeName>
  <EpisodeNumber>15</EpisodeNumber>
  <FirstAired>2009-05-20</FirstAired>
  <GuestStars></GuestStars>
  <IMDB_ID></IMDB_ID>
  <Language>en</Language>
  <Overview>It's Spring Break, and the boys hit the road in search of the World's Largest Gopher. Meanwhile, Marshall takes Steph to Jamaican Me Spacey (a Jamaica-themed space camp), fulfilling her childhood dream.</Overview>
  <ProductionCode></ProductionCode>
  <Rating></Rating>
  <RatingCount>0</RatingCount>
  <SeasonNumber>2</SeasonNumber>
  <Writer></Writer>
  <absolute_number></absolute_number>
  <filename></filename>
  <lastupdated>1309036311</lastupdated>
  <seasonid>82671</seasonid>
  <seriesid>100821</seriesid>
</Episode>
<Episode>
  <id>793721</id>
  <Combined_episodenumber>16</Combined_episodenumber>
  <Combined_season>2</Combined_season>
  <DVD_chapter></DVD_chapter>
  <DVD_discid></DVD_discid>
  <DVD_episodenumber></DVD_episodenumber>
  <DVD_season></DVD_season>
  <Director></Director>
  <EpImgFlag></EpImgFlag>
  <EpisodeName>Spring Break #4</EpisodeName>
  <EpisodeNumber>16</EpisodeNumber>
  <FirstAired>2009-05-21</FirstAired>
  <GuestStars></GuestStars>
  <IMDB_ID></IMDB_ID>
  <Language>en</Language>
  <Overview>It's Spring Break, and the boys hit the road in search of the World's Largest Gopher. Meanwhile, Marshall takes Steph to Jamaican Me Spacey (a Jamaica-themed space camp), fulfilling her childhood dream.</Overview>
  <ProductionCode></ProductionCode>
  <Rating></Rating>
  <RatingCount>0</RatingCount>
  <SeasonNumber>2</SeasonNumber>
  <Writer></Writer>
  <absolute_number></absolute_number>
  <filename></filename>
  <lastupdated>1309036320</lastupdated>
  <seasonid>82671</seasonid>
  <seriesid>100821</seriesid>
</Episode>
<Episode>
  <id>793731</id>
  <Combined_episodenumber>17</Combined_episodenumber>
  <Combined_season>2</Combined_season>
  <DVD_chapter></DVD_chapter>
  <DVD_discid></DVD_discid>
  <DVD_episodenumber></DVD_episodenumber>
  <DVD_season></DVD_season>
  <Director></Director>
  <EpImgFlag></EpImgFlag>
  <EpisodeName>Spring Break #5</EpisodeName>
  <EpisodeNumber>17</EpisodeNumber>
  <FirstAired>2009-05-22</FirstAired>
  <GuestStars></GuestStars>
  <IMDB_ID></IMDB_ID>
  <Language>en</Language>
  <Overview>It's Spring Break, and the boys hit the road in search of the World's Largest Gopher. Meanwhile, Marshall takes Steph to Jamaican Me Spacey (a Jamaica-themed space camp), fulfilling her childhood dream.</Overview>
  <ProductionCode></ProductionCode>
  <Rating></Rating>
  <RatingCount>0</RatingCount>
  <SeasonNumber>2</SeasonNumber>
  <Writer></Writer>
  <absolute_number></absolute_number>
  <filename></filename>
  <lastupdated>1309036330</lastupdated>
  <seasonid>82671</seasonid>
  <seriesid>100821</seriesid>
</Episode>
<Episode>
  <id>793741</id>
  <Combined_episodenumber>18</Combined_episodenumber>
  <Combined_season>2</Combined_season>
  <DVD_chapter></DVD_chapter>
  <DVD_discid></DVD_discid>
  <DVD_episodenumber></DVD_episodenumber>
  <DVD_season></DVD_season>
  <Director></Director>
  <EpImgFlag></EpImgFlag>
  <EpisodeName>Tour De 5-South</EpisodeName>
  <EpisodeNumber>18</EpisodeNumber>
  <FirstAired>2009-05-25</FirstAired>
  <GuestStars></GuestStars>
  <IMDB_ID></IMDB_ID>
  <Language>en</Language>
  <Overview>Marshall leads a tour of newly accepted freshman through the floor, while Brit sees Derrick one last time.</Overview>
  <ProductionCode></ProductionCode>
  <Rating></Rating>
  <RatingCount>0</RatingCount>
  <SeasonNumber>2</SeasonNumber>
  <Writer></Writer>
  <absolute_number></absolute_number>
  <filename></filename>
  <lastupdated>1309036358</lastupdated>
  <seasonid>82671</seasonid>
  <seriesid>100821</seriesid>
</Episode>
<Episode>
  <id>793751</id>
  <Combined_episodenumber>19</Combined_episodenumber>
  <Combined_season>2</Combined_season>
  <DVD_chapter></DVD_chapter>
  <DVD_discid></DVD_discid>
  <DVD_episodenumber></DVD_episodenumber>
  <DVD_season></DVD_season>
  <Director></Director>
  <EpImgFlag></EpImgFlag>
  <EpisodeName>Marshall's New Plan</EpisodeName>
  <EpisodeNumber>19</EpisodeNumber>
  <FirstAired>2009-06-01</FirstAired>
  <GuestStars></GuestStars>
  <IMDB_ID></IMDB_ID>
  <Language>en</Language>
  <Overview>Marshall's twin brother William returns to the floor!</Overview>
  <ProductionCode></ProductionCode>
  <Rating></Rating>
  <RatingCount>0</RatingCount>
  <SeasonNumber>2</SeasonNumber>
  <Writer></Writer>
  <absolute_number></absolute_number>
  <filename></filename>
  <lastupdated>1309036376</lastupdated>
  <seasonid>82671</seasonid>
  <seriesid>100821</seriesid>
</Episode>
<Episode>
  <id>793761</id>
  <Combined_episodenumber>20</Combined_episodenumber>
  <Combined_season>2</Combined_season>
  <DVD_chapter></DVD_chapter>
  <DVD_discid></DVD_discid>
  <DVD_episodenumber></DVD_episodenumber>
  <DVD_season></DVD_season>
  <Director></Director>
  <EpImgFlag></EpImgFlag>
  <EpisodeName>Abby's Party</EpisodeName>
  <EpisodeNumber>20</EpisodeNumber>
  <FirstAired>2009-06-08</FirstAired>
  <GuestStars></GuestStars>
  <IMDB_ID></IMDB_ID>
  <Language>en</Language>
  <Overview>The girls throw a bachelorette party for Abby, while the boys battle on the floor. It's all fun and games...</Overview>
  <ProductionCode></ProductionCode>
  <Rating></Rating>
  <RatingCount>0</RatingCount>
  <SeasonNumber>2</SeasonNumber>
  <Writer></Writer>
  <absolute_number></absolute_number>
  <filename></filename>
  <lastupdated>1309036454</lastupdated>
  <seasonid>82671</seasonid>
  <seriesid>100821</seriesid>
</Episode>
<Episode>
  <id>793771</id>
  <Combined_episodenumber>21</Combined_episodenumber>
  <Combined_season>2</Combined_season>
  <DVD_chapter></DVD_chapter>
  <DVD_discid></DVD_discid>
  <DVD_episodenumber></DVD_episodenumber>
  <DVD_season></DVD_season>
  <Director></Director>
  <EpImgFlag></EpImgFlag>
  <EpisodeName>Blood, Sweat, and Tears</EpisodeName>
  <EpisodeNumber>21</EpisodeNumber>
  <FirstAired>2009-06-15</FirstAired>
  <GuestStars></GuestStars>
  <IMDB_ID></IMDB_ID>
  <Language>en</Language>
  <Overview>Courtney hosts a blood drive on the floor, which features the premiere of Josh’s new documentary.</Overview>
  <ProductionCode></ProductionCode>
  <Rating></Rating>
  <RatingCount>0</RatingCount>
  <SeasonNumber>2</SeasonNumber>
  <Writer></Writer>
  <absolute_number></absolute_number>
  <filename></filename>
  <lastupdated>1309036461</lastupdated>
  <seasonid>82671</seasonid>
  <seriesid>100821</seriesid>
</Episode>
<Episode>
  <id>793781</id>
  <Combined_episodenumber>22</Combined_episodenumber>
  <Combined_season>2</Combined_season>
  <DVD_chapter></DVD_chapter>
  <DVD_discid></DVD_discid>
  <DVD_episodenumber></DVD_episodenumber>
  <DVD_season></DVD_season>
  <Director></Director>
  <EpImgFlag></EpImgFlag>
  <EpisodeName>SpoOoOoky Adventure!!!</EpisodeName>
  <EpisodeNumber>22</EpisodeNumber>
  <FirstAired>2009-06-22</FirstAired>
  <GuestStars></GuestStars>
  <IMDB_ID></IMDB_ID>
  <Language>en</Language>
  <Overview>Mike and Brit lead the floor in pursuit of answers to a campus mystery. While Abby has a guest arrive to the Floor.</Overview>
  <ProductionCode></ProductionCode>
  <Rating></Rating>
  <RatingCount>0</RatingCount>
  <SeasonNumber>2</SeasonNumber>
  <Writer></Writer>
  <absolute_number></absolute_number>
  <filename></filename>
  <lastupdated>1309036467</lastupdated>
  <seasonid>82671</seasonid>
  <seriesid>100821</seriesid>
</Episode>
<Episode>
  <id>2800841</id>
  <Combined_episodenumber>23</Combined_episodenumber>
  <Combined_season>2</Combined_season>
  <DVD_chapter></DVD_chapter>
  <DVD_discid></DVD_discid>
  <DVD_episodenumber></DVD_episodenumber>
  <DVD_season></DVD_season>
  <Director></Director>
  <EpImgFlag></EpImgFlag>
  <EpisodeName>Floor Dinner</EpisodeName>
  <EpisodeNumber>23</EpisodeNumber>
  <FirstAired>2009-06-29</FirstAired>
  <GuestStars></GuestStars>
  <IMDB_ID></IMDB_ID>
  <Language>en</Language>
  <Overview></Overview>
  <ProductionCode></ProductionCode>
  <Rating></Rating>
  <RatingCount>0</RatingCount>
  <SeasonNumber>2</SeasonNumber>
  <Writer></Writer>
  <absolute_number></absolute_number>
  <filename></filename>
  <lastupdated>1309036475</lastupdated>
  <seasonid>82671</seasonid>
  <seriesid>100821</seriesid>
</Episode>
<Episode>
  <id>2800851</id>
  <Combined_episodenumber>24</Combined_episodenumber>
  <Combined_season>2</Combined_season>
  <DVD_chapter></DVD_chapter>
  <DVD_discid></DVD_discid>
  <DVD_episodenumber></DVD_episodenumber>
  <DVD_season></DVD_season>
  <Director></Director>
  <EpImgFlag></EpImgFlag>
  <EpisodeName>Quiz Bowl</EpisodeName>
  <EpisodeNumber>24</EpisodeNumber>
  <FirstAired>2009-07-06</FirstAired>
  <GuestStars></GuestStars>
  <IMDB_ID></IMDB_ID>
  <Language>en</Language>
  <Overview></Overview>
  <ProductionCode></ProductionCode>
  <Rating></Rating>
  <RatingCount>0</RatingCount>
  <SeasonNumber>2</SeasonNumber>
  <Writer></Writer>
  <absolute_number></absolute_number>
  <filename></filename>
  <lastupdated>1309036532</lastupdated>
  <seasonid>82671</seasonid>
  <seriesid>100821</seriesid>
</Episode>
<Episode>
  <id>2800861</id>
  <Combined_episodenumber>25</Combined_episodenumber>
  <Combined_season>2</Combined_season>
  <DVD_chapter></DVD_chapter>
  <DVD_discid></DVD_discid>
  <DVD_episodenumber></DVD_episodenumber>
  <DVD_season></DVD_season>
  <Director></Director>
  <EpImgFlag></EpImgFlag>
  <EpisodeName>Dormal</EpisodeName>
  <EpisodeNumber>25</EpisodeNumber>
  <FirstAired>2009-07-13</FirstAired>
  <GuestStars></GuestStars>
  <IMDB_ID></IMDB_ID>
  <Language>en</Language>
  <Overview></Overview>
  <ProductionCode></ProductionCode>
  <Rating></Rating>
  <RatingCount>0</RatingCount>
  <SeasonNumber>2</SeasonNumber>
  <Writer></Writer>
  <absolute_number></absolute_number>
  <filename></filename>
  <lastupdated>1309036541</lastupdated>
  <seasonid>82671</seasonid>
  <seriesid>100821</seriesid>
</Episode>
<Episode>
  <id>2800871</id>
  <Combined_episodenumber>26</Combined_episodenumber>
  <Combined_season>2</Combined_season>
  <DVD_chapter></DVD_chapter>
  <DVD_discid></DVD_discid>
  <DVD_episodenumber></DVD_episodenumber>
  <DVD_season></DVD_season>
  <Director></Director>
  <EpImgFlag></EpImgFlag>
  <EpisodeName>Moving Out</EpisodeName>
  <EpisodeNumber>26</EpisodeNumber>
  <FirstAired>2009-07-20</FirstAired>
  <GuestStars></GuestStars>
  <IMDB_ID></IMDB_ID>
  <Language>en</Language>
  <Overview></Overview>
  <ProductionCode></ProductionCode>
  <Rating></Rating>
  <RatingCount>0</RatingCount>
  <SeasonNumber>2</SeasonNumber>
  <Writer></Writer>
  <absolute_number></absolute_number>
  <filename></filename>
  <lastupdated>1309036559</lastupdated>
  <seasonid>82671</seasonid>
  <seriesid>100821</seriesid>
</Episode>
</Data>