<?xml version="1.0" encoding="UTF-8" ?>
<Banners>
<Banner>
  <id>854681</id>
  <BannerPath>fanart/original/100511-1.jpg</BannerPath>
  <BannerType>fanart</BannerType>
  <BannerType2>1280x720</BannerType2>
  <Colors></Colors>
  <Language>en</Language>
  <Rating>6.0000</Rating>
  <RatingCount>1</RatingCount>
  <SeriesName>false</SeriesName>
  <ThumbnailPath>_cache/fanart/original/100511-1.jpg</ThumbnailPath>
  <VignettePath>fanart/vignette/100511-1.jpg</VignettePath>
</Banner>
<Banner>
  <id>860357</id>
  <BannerPath>posters/100511-1.jpg</BannerPath>
  <BannerType>poster</BannerType>
  <BannerType2>680x1000</BannerType2>
  <Language>en</Language>
  <Rating></Rating>
  <RatingCount>0</RatingCount>
</Banner>
<Banner>
  <id>854651</id>
  <BannerPath>graphical/100511-g.jpg</BannerPath>
  <BannerType>series</BannerType>
  <BannerType2>graphical</BannerType2>
  <Language>en</Language>
  <Rating></Rating>
  <RatingCount>0</RatingCount>
</Banner>
</Banners>