<?xml version="1.0" encoding="UTF-8" ?>
<Data><Series>
  <id>101151</id>
  <Actors>||</Actors>
  <Airs_DayOfWeek></Airs_DayOfWeek>
  <Airs_Time></Airs_Time>
  <ContentRating>TV-Y7</ContentRating>
  <FirstAired>2005-04-03</FirstAired>
  <Genre>|Action and Adventure|Animation|Fantasy|</Genre>
  <IMDB_ID></IMDB_ID>
  <Language>en</Language>
  <Network>Studio 23</Network>
  <NetworkID></NetworkID>
  <Overview>Based on the H-RPG by Studio ego!
Yagi Takeru is a student who goes to the Izumo Academy.
He lost his parents when he was little, but he got adopted by Touma Rokusuke,
who is like a grandfather to him.
Takeru spends his days by getting kendo training from his grandfather and
being with his friends like his kendo rival Yamato Takeshi,his childhood friend Shiratori Kotono and her sister Asuka.
Because Takeshi isn't chosen as the representative for the kendo tournament,
he takes it out on Kotono, but starts to argue with Takeru instead when 
Takeru and the others arrives.
While they are arguing, mysterious light and woman appears which suddenlly 
causes faze shifting and blinding blue light emitting from Takeshi hands then body while he also screams in pain. They later wake up all scattered through the school and the school is covered in vegetation and infested with insect monsters and the town is gone.
After finding each others they gather in the schoolyard and while they are trying to figure things out, six big men in suspicious outfits appears and moves towards them. 
They locate Takeshi and ones again the mysterious woman appears. She uses teleportation magic to kidnap Takeshi and Kotono. Then armed men on horses appears and attacks the suspicious men.
What does the future beholds for Takeru and the others in this strange world?</Overview>
  <Rating></Rating>
  <RatingCount>0</RatingCount>
  <Runtime>25</Runtime>
  <SeriesID>23485</SeriesID>
  <SeriesName>Izumo -Takeki Tsurugi No Senki-</SeriesName>
  <Status>Ended</Status>
  <added>2009-06-27 23:44:15</added>
  <addedBy>37691</addedBy>
  <banner>graphical/101151-g.jpg</banner>
  <fanart></fanart>
  <lastupdated>1308755589</lastupdated>
  <poster>posters/101151-1.jpg</poster>
  <zap2it_id></zap2it_id>
</Series>
<Episode>
  <id>809631</id>
  <Combined_episodenumber>1</Combined_episodenumber>
  <Combined_season>1</Combined_season>
  <DVD_chapter></DVD_chapter>
  <DVD_discid></DVD_discid>
  <DVD_episodenumber></DVD_episodenumber>
  <DVD_season></DVD_season>
  <Director></Director>
  <EpImgFlag></EpImgFlag>
  <EpisodeName>A Voice Calling From Within A Dream</EpisodeName>
  <EpisodeNumber>1</EpisodeNumber>
  <FirstAired>2005-04-03</FirstAired>
  <GuestStars></GuestStars>
  <IMDB_ID></IMDB_ID>
  <Language>en</Language>
  <Overview></Overview>
  <ProductionCode></ProductionCode>
  <Rating></Rating>
  <RatingCount>0</RatingCount>
  <SeasonNumber>1</SeasonNumber>
  <Writer></Writer>
  <absolute_number>1</absolute_number>
  <filename></filename>
  <lastupdated>1308755528</lastupdated>
  <seasonid>83871</seasonid>
  <seriesid>101151</seriesid>
</Episode>
<Episode>
  <id>809641</id>
  <Combined_episodenumber>2</Combined_episodenumber>
  <Combined_season>1</Combined_season>
  <DVD_chapter></DVD_chapter>
  <DVD_discid></DVD_discid>
  <DVD_episodenumber></DVD_episodenumber>
  <DVD_season></DVD_season>
  <Director></Director>
  <EpImgFlag></EpImgFlag>
  <EpisodeName>Foreign World</EpisodeName>
  <EpisodeNumber>2</EpisodeNumber>
  <FirstAired>2005-04-10</FirstAired>
  <GuestStars></GuestStars>
  <IMDB_ID></IMDB_ID>
  <Language>en</Language>
  <Overview></Overview>
  <ProductionCode></ProductionCode>
  <Rating></Rating>
  <RatingCount>0</RatingCount>
  <SeasonNumber>1</SeasonNumber>
  <Writer></Writer>
  <absolute_number>2</absolute_number>
  <filename></filename>
  <lastupdated>1308755531</lastupdated>
  <seasonid>83871</seasonid>
  <seriesid>101151</seriesid>
</Episode>
<Episode>
  <id>809651</id>
  <Combined_episodenumber>3</Combined_episodenumber>
  <Combined_season>1</Combined_season>
  <DVD_chapter></DVD_chapter>
  <DVD_discid></DVD_discid>
  <DVD_episodenumber></DVD_episodenumber>
  <DVD_season></DVD_season>
  <Director></Director>
  <EpImgFlag></EpImgFlag>
  <EpisodeName>Separated Friends</EpisodeName>
  <EpisodeNumber>3</EpisodeNumber>
  <FirstAired>2005-04-17</FirstAired>
  <GuestStars></GuestStars>
  <IMDB_ID></IMDB_ID>
  <Language>en</Language>
  <Overview></Overview>
  <ProductionCode></ProductionCode>
  <Rating></Rating>
  <RatingCount>0</RatingCount>
  <SeasonNumber>1</SeasonNumber>
  <Writer></Writer>
  <absolute_number>3</absolute_number>
  <filename></filename>
  <lastupdated>1308755534</lastupdated>
  <seasonid>83871</seasonid>
  <seriesid>101151</seriesid>
</Episode>
<Episode>
  <id>809661</id>
  <Combined_episodenumber>4</Combined_episodenumber>
  <Combined_season>1</Combined_season>
  <DVD_chapter></DVD_chapter>
  <DVD_discid></DVD_discid>
  <DVD_episodenumber></DVD_episodenumber>
  <DVD_season></DVD_season>
  <Director></Director>
  <EpImgFlag></EpImgFlag>
  <EpisodeName>The Way This World Is</EpisodeName>
  <EpisodeNumber>4</EpisodeNumber>
  <FirstAired>2005-04-24</FirstAired>
  <GuestStars></GuestStars>
  <IMDB_ID></IMDB_ID>
  <Language>en</Language>
  <Overview></Overview>
  <ProductionCode></ProductionCode>
  <Rating></Rating>
  <RatingCount>0</RatingCount>
  <SeasonNumber>1</SeasonNumber>
  <Writer></Writer>
  <absolute_number>4</absolute_number>
  <filename></filename>
  <lastupdated>1308755537</lastupdated>
  <seasonid>83871</seasonid>
  <seriesid>101151</seriesid>
</Episode>
<Episode>
  <id>809671</id>
  <Combined_episodenumber>5</Combined_episodenumber>
  <Combined_season>1</Combined_season>
  <DVD_chapter></DVD_chapter>
  <DVD_discid></DVD_discid>
  <DVD_episodenumber></DVD_episodenumber>
  <DVD_season></DVD_season>
  <Director></Director>
  <EpImgFlag></EpImgFlag>
  <EpisodeName>Attack</EpisodeName>
  <EpisodeNumber>5</EpisodeNumber>
  <FirstAired>2005-05-01</FirstAired>
  <GuestStars></GuestStars>
  <IMDB_ID></IMDB_ID>
  <Language>en</Language>
  <Overview></Overview>
  <ProductionCode></ProductionCode>
  <Rating></Rating>
  <RatingCount>0</RatingCount>
  <SeasonNumber>1</SeasonNumber>
  <Writer></Writer>
  <absolute_number>5</absolute_number>
  <filename></filename>
  <lastupdated>1308755541</lastupdated>
  <seasonid>83871</seasonid>
  <seriesid>101151</seriesid>
</Episode>
<Episode>
  <id>809681</id>
  <Combined_episodenumber>6</Combined_episodenumber>
  <Combined_season>1</Combined_season>
  <DVD_chapter></DVD_chapter>
  <DVD_discid></DVD_discid>
  <DVD_episodenumber></DVD_episodenumber>
  <DVD_season></DVD_season>
  <Director></Director>
  <EpImgFlag></EpImgFlag>
  <EpisodeName>Four Heavenly Beasts</EpisodeName>
  <EpisodeNumber>6</EpisodeNumber>
  <FirstAired>2005-05-08</FirstAired>
  <GuestStars></GuestStars>
  <IMDB_ID></IMDB_ID>
  <Language>en</Language>
  <Overview></Overview>
  <ProductionCode></ProductionCode>
  <Rating></Rating>
  <RatingCount>0</RatingCount>
  <SeasonNumber>1</SeasonNumber>
  <Writer></Writer>
  <absolute_number>6</absolute_number>
  <filename></filename>
  <lastupdated>1308755545</lastupdated>
  <seasonid>83871</seasonid>
  <seriesid>101151</seriesid>
</Episode>
<Episode>
  <id>809691</id>
  <Combined_episodenumber>7</Combined_episodenumber>
  <Combined_season>1</Combined_season>
  <DVD_chapter></DVD_chapter>
  <DVD_discid></DVD_discid>
  <DVD_episodenumber></DVD_episodenumber>
  <DVD_season></DVD_season>
  <Director></Director>
  <EpImgFlag></EpImgFlag>
  <EpisodeName>Fortress Of The Duel</EpisodeName>
  <EpisodeNumber>7</EpisodeNumber>
  <FirstAired>2005-05-15</FirstAired>
  <GuestStars></GuestStars>
  <IMDB_ID></IMDB_ID>
  <Language>en</Language>
  <Overview></Overview>
  <ProductionCode></ProductionCode>
  <Rating></Rating>
  <RatingCount>0</RatingCount>
  <SeasonNumber>1</SeasonNumber>
  <Writer></Writer>
  <absolute_number>7</absolute_number>
  <filename></filename>
  <lastupdated>1308755549</lastupdated>
  <seasonid>83871</seasonid>
  <seriesid>101151</seriesid>
</Episode>
<Episode>
  <id>809701</id>
  <Combined_episodenumber>8</Combined_episodenumber>
  <Combined_season>1</Combined_season>
  <DVD_chapter></DVD_chapter>
  <DVD_discid></DVD_discid>
  <DVD_episodenumber></DVD_episodenumber>
  <DVD_season></DVD_season>
  <Director></Director>
  <EpImgFlag></EpImgFlag>
  <EpisodeName>A Peaceful Moment</EpisodeName>
  <EpisodeNumber>8</EpisodeNumber>
  <FirstAired>2005-05-22</FirstAired>
  <GuestStars></GuestStars>
  <IMDB_ID></IMDB_ID>
  <Language>en</Language>
  <Overview></Overview>
  <ProductionCode></ProductionCode>
  <Rating></Rating>
  <RatingCount>0</RatingCount>
  <SeasonNumber>1</SeasonNumber>
  <Writer></Writer>
  <absolute_number>8</absolute_number>
  <filename></filename>
  <lastupdated>1308755553</lastupdated>
  <seasonid>83871</seasonid>
  <seriesid>101151</seriesid>
</Episode>
<Episode>
  <id>809711</id>
  <Combined_episodenumber>9</Combined_episodenumber>
  <Combined_season>1</Combined_season>
  <DVD_chapter></DVD_chapter>
  <DVD_discid></DVD_discid>
  <DVD_episodenumber></DVD_episodenumber>
  <DVD_season></DVD_season>
  <Director></Director>
  <EpImgFlag></EpImgFlag>
  <EpisodeName>Things I Ought To Protect</EpisodeName>
  <EpisodeNumber>9</EpisodeNumber>
  <FirstAired>2005-05-29</FirstAired>
  <GuestStars></GuestStars>
  <IMDB_ID></IMDB_ID>
  <Language>en</Language>
  <Overview></Overview>
  <ProductionCode></ProductionCode>
  <Rating></Rating>
  <RatingCount>0</RatingCount>
  <SeasonNumber>1</SeasonNumber>
  <Writer></Writer>
  <absolute_number>9</absolute_number>
  <filename></filename>
  <lastupdated>1308755556</lastupdated>
  <seasonid>83871</seasonid>
  <seriesid>101151</seriesid>
</Episode>
<Episode>
  <id>809721</id>
  <Combined_episodenumber>10</Combined_episodenumber>
  <Combined_season>1</Combined_season>
  <DVD_chapter></DVD_chapter>
  <DVD_discid></DVD_discid>
  <DVD_episodenumber></DVD_episodenumber>
  <DVD_season></DVD_season>
  <Director></Director>
  <EpImgFlag></EpImgFlag>
  <EpisodeName>Yomotsuhirasaka</EpisodeName>
  <EpisodeNumber>10</EpisodeNumber>
  <FirstAired>2005-06-05</FirstAired>
  <GuestStars></GuestStars>
  <IMDB_ID></IMDB_ID>
  <Language>en</Language>
  <Overview></Overview>
  <ProductionCode></ProductionCode>
  <Rating></Rating>
  <RatingCount>0</RatingCount>
  <SeasonNumber>1</SeasonNumber>
  <Writer></Writer>
  <absolute_number>10</absolute_number>
  <filename></filename>
  <lastupdated>1308755561</lastupdated>
  <seasonid>83871</seasonid>
  <seriesid>101151</seriesid>
</Episode>
<Episode>
  <id>809731</id>
  <Combined_episodenumber>11</Combined_episodenumber>
  <Combined_season>1</Combined_season>
  <DVD_chapter></DVD_chapter>
  <DVD_discid></DVD_discid>
  <DVD_episodenumber></DVD_episodenumber>
  <DVD_season></DVD_season>
  <Director></Director>
  <EpImgFlag></EpImgFlag>
  <EpisodeName>The Raging Life</EpisodeName>
  <EpisodeNumber>11</EpisodeNumber>
  <FirstAired>2005-06-12</FirstAired>
  <GuestStars></GuestStars>
  <IMDB_ID></IMDB_ID>
  <Language>en</Language>
  <Overview></Overview>
  <ProductionCode></ProductionCode>
  <Rating></Rating>
  <RatingCount>0</RatingCount>
  <SeasonNumber>1</SeasonNumber>
  <Writer></Writer>
  <absolute_number>11</absolute_number>
  <filename></filename>
  <lastupdated>1308755567</lastupdated>
  <seasonid>83871</seasonid>
  <seriesid>101151</seriesid>
</Episode>
<Episode>
  <id>809741</id>
  <Combined_episodenumber>12</Combined_episodenumber>
  <Combined_season>1</Combined_season>
  <DVD_chapter></DVD_chapter>
  <DVD_discid></DVD_discid>
  <DVD_episodenumber></DVD_episodenumber>
  <DVD_season></DVD_season>
  <Director></Director>
  <EpImgFlag></EpImgFlag>
  <EpisodeName>The Two Souls</EpisodeName>
  <EpisodeNumber>12</EpisodeNumber>
  <FirstAired>2005-06-19</FirstAired>
  <GuestStars></GuestStars>
  <IMDB_ID></IMDB_ID>
  <Language>en</Language>
  <Overview></Overview>
  <ProductionCode></ProductionCode>
  <Rating></Rating>
  <RatingCount>0</RatingCount>
  <SeasonNumber>1</SeasonNumber>
  <Writer></Writer>
  <absolute_number>12</absolute_number>
  <filename></filename>
  <lastupdated>1308755571</lastupdated>
  <seasonid>83871</seasonid>
  <seriesid>101151</seriesid>
</Episode>
</Data>