<?xml version="1.0" encoding="UTF-8" ?>
<Banners>
<Banner>
  <id>140071</id>
  <BannerPath>fanart/original/100401-1.jpg</BannerPath>
  <BannerType>fanart</BannerType>
  <BannerType2>1920x1080</BannerType2>
  <Colors></Colors>
  <Language>en</Language>
  <Rating>10.0000</Rating>
  <RatingCount>1</RatingCount>
  <SeriesName>false</SeriesName>
  <ThumbnailPath>_cache/fanart/original/100401-1.jpg</ThumbnailPath>
  <VignettePath>fanart/vignette/100401-1.jpg</VignettePath>
</Banner>
<Banner>
  <id>140081</id>
  <BannerPath>posters/100401-1.jpg</BannerPath>
  <BannerType>poster</BannerType>
  <BannerType2>680x1000</BannerType2>
  <Language>en</Language>
  <Rating></Rating>
  <RatingCount>0</RatingCount>
</Banner>
</Banners>