<?xml version="1.0" encoding="UTF-8" ?>
<Data><Series>
  <id>100401</id>
  <Actors>||</Actors>
  <Airs_DayOfWeek></Airs_DayOfWeek>
  <Airs_Time></Airs_Time>
  <ContentRating></ContentRating>
  <FirstAired></FirstAired>
  <Genre>|Documentary|</Genre>
  <IMDB_ID></IMDB_ID>
  <Language>en</Language>
  <Network>BBC Two</Network>
  <NetworkID></NetworkID>
  <Overview></Overview>
  <Rating>10.0</Rating>
  <RatingCount>1</RatingCount>
  <Runtime>1</Runtime>
  <SeriesID></SeriesID>
  <SeriesName>Manet: the Man Who Invented Modern Art</SeriesName>
  <Status></Status>
  <added>2009-06-21 02:17:58</added>
  <addedBy>36291</addedBy>
  <banner></banner>
  <fanart>fanart/original/100401-1.jpg</fanart>
  <lastupdated>1245576982</lastupdated>
  <poster>posters/100401-1.jpg</poster>
  <zap2it_id></zap2it_id>
</Series>
</Data>