<?xml version="1.0" encoding="UTF-8" ?>
<Data><Series>
  <id>100061</id>
  <Actors>||</Actors>
  <Airs_DayOfWeek>Thursday</Airs_DayOfWeek>
  <Airs_Time>9:00 PM</Airs_Time>
  <ContentRating></ContentRating>
  <FirstAired>2009-06-18</FirstAired>
  <Genre>|Reality|</Genre>
  <IMDB_ID>tt1717534</IMDB_ID>
  <Language>en</Language>
  <Network>Channel 4</Network>
  <NetworkID></NetworkID>
  <Overview>High-flying executives take extraordinary steps to ensure their companies are fighting fit by going undercover in their own businesses.  This is the original UK series, which was later spun off into shows of the same name in other countries.</Overview>
  <Rating>9.0</Rating>
  <RatingCount>1</RatingCount>
  <Runtime>60</Runtime>
  <SeriesID>77412</SeriesID>
  <SeriesName>Undercover Boss</SeriesName>
  <Status>Continuing</Status>
  <added>2009-06-18 22:26:10</added>
  <addedBy>6875</addedBy>
  <banner>graphical/100061-g2.jpg</banner>
  <fanart>fanart/original/100061-2.jpg</fanart>
  <lastupdated>1304839028</lastupdated>
  <poster>posters/100061-1.jpg</poster>
  <zap2it_id></zap2it_id>
</Series>
<Episode>
  <id>777721</id>
  <Combined_episodenumber>1</Combined_episodenumber>
  <Combined_season>1</Combined_season>
  <DVD_chapter></DVD_chapter>
  <DVD_discid></DVD_discid>
  <DVD_episodenumber></DVD_episodenumber>
  <DVD_season></DVD_season>
  <Director></Director>
  <EpImgFlag>2</EpImgFlag>
  <EpisodeName>Andy Edge, Park Resorts</EpisodeName>
  <EpisodeNumber>1</EpisodeNumber>
  <FirstAired>2009-06-18</FirstAired>
  <GuestStars></GuestStars>
  <IMDB_ID></IMDB_ID>
  <Language>en</Language>
  <Overview>Andy Edge is a company director of Park Resorts, the second largest caravan holiday company in the UK. 
But with the tourism industry reeling from the recession and competition for customers fiercer than ever, Andy has made an extraordinary decision: to go undercover in his own business to find out what's really going on. 
</Overview>
  <ProductionCode></ProductionCode>
  <Rating>7.0</Rating>
  <RatingCount>1</RatingCount>
  <SeasonNumber>1</SeasonNumber>
  <Writer></Writer>
  <absolute_number></absolute_number>
  <filename>episodes/100061/777721.jpg</filename>
  <lastupdated>1246180078</lastupdated>
  <seasonid>80801</seasonid>
  <seriesid>100061</seriesid>
</Episode>
<Episode>
  <id>777731</id>
  <Combined_episodenumber>2</Combined_episodenumber>
  <Combined_season>1</Combined_season>
  <DVD_chapter></DVD_chapter>
  <DVD_discid></DVD_discid>
  <DVD_episodenumber></DVD_episodenumber>
  <DVD_season></DVD_season>
  <Director></Director>
  <EpImgFlag>2</EpImgFlag>
  <EpisodeName>Stephen Martin, Clugston Group</EpisodeName>
  <EpisodeNumber>2</EpisodeNumber>
  <FirstAired>2009-06-25</FirstAired>
  <GuestStars></GuestStars>
  <IMDB_ID></IMDB_ID>
  <Language>en</Language>
  <Overview>At just 42, Stephen Martin was recently appointed chief executive of the Clugston Group, a major force in construction, building roads, schools and supermarkets.
But the industry is in crisis, so Stephen has decided to trade in his suit and expense account for a hard hat and a canteen lunch and, armed with a cover story, he visits his construction sites to work alongside his frontline employees. 
</Overview>
  <ProductionCode></ProductionCode>
  <Rating></Rating>
  <RatingCount>0</RatingCount>
  <SeasonNumber>1</SeasonNumber>
  <Writer></Writer>
  <absolute_number></absolute_number>
  <filename>episodes/100061/777731.jpg</filename>
  <lastupdated>1246180104</lastupdated>
  <seasonid>80801</seasonid>
  <seriesid>100061</seriesid>
</Episode>
<Episode>
  <id>2486571</id>
  <Combined_episodenumber>1</Combined_episodenumber>
  <Combined_season>2</Combined_season>
  <DVD_chapter></DVD_chapter>
  <DVD_discid></DVD_discid>
  <DVD_episodenumber></DVD_episodenumber>
  <DVD_season></DVD_season>
  <Director></Director>
  <EpImgFlag>2</EpImgFlag>
  <EpisodeName>David Clarke, Best Western Hotels</EpisodeName>
  <EpisodeNumber>1</EpisodeNumber>
  <FirstAired>2010-07-15</FirstAired>
  <GuestStars></GuestStars>
  <IMDB_ID></IMDB_ID>
  <Language>en</Language>
  <Overview>David Clarke, Chief Executive of mid-range hotel chain Best Western, goes on an undercover mission to examine the inner workings of his company, with mixed results.</Overview>
  <ProductionCode></ProductionCode>
  <Rating>7.0</Rating>
  <RatingCount>1</RatingCount>
  <SeasonNumber>2</SeasonNumber>
  <Writer></Writer>
  <absolute_number></absolute_number>
  <filename>episodes/100061/2486571.jpg</filename>
  <lastupdated>1281112809</lastupdated>
  <seasonid>279771</seasonid>
  <seriesid>100061</seriesid>
</Episode>
<Episode>
  <id>2486581</id>
  <Combined_episodenumber>2</Combined_episodenumber>
  <Combined_season>2</Combined_season>
  <DVD_chapter></DVD_chapter>
  <DVD_discid></DVD_discid>
  <DVD_episodenumber></DVD_episodenumber>
  <DVD_season></DVD_season>
  <Director></Director>
  <EpImgFlag>2</EpImgFlag>
  <EpisodeName>Kevan Collins, London's Tower Hamlets Council</EpisodeName>
  <EpisodeNumber>2</EpisodeNumber>
  <FirstAired>2010-07-22</FirstAired>
  <GuestStars></GuestStars>
  <IMDB_ID></IMDB_ID>
  <Language>en</Language>
  <Overview>Kevan Collins runs London's Tower Hamlets council at a time when the new government is slashing public spending. Kevan faces a huge challenge, he has to make huge cuts, £50 million over the next three years. But what does he cut and what does he save?</Overview>
  <ProductionCode></ProductionCode>
  <Rating>7.0</Rating>
  <RatingCount>1</RatingCount>
  <SeasonNumber>2</SeasonNumber>
  <Writer></Writer>
  <absolute_number></absolute_number>
  <filename>episodes/100061/2486581.jpg</filename>
  <lastupdated>1281112795</lastupdated>
  <seasonid>279771</seasonid>
  <seriesid>100061</seriesid>
</Episode>
<Episode>
  <id>2486591</id>
  <Combined_episodenumber>3</Combined_episodenumber>
  <Combined_season>2</Combined_season>
  <DVD_chapter></DVD_chapter>
  <DVD_discid></DVD_discid>
  <DVD_episodenumber></DVD_episodenumber>
  <DVD_season></DVD_season>
  <Director></Director>
  <EpImgFlag>2</EpImgFlag>
  <EpisodeName>Marija Simovic, Harry Ramsden's</EpisodeName>
  <EpisodeNumber>3</EpisodeNumber>
  <FirstAired>2010-07-29</FirstAired>
  <GuestStars></GuestStars>
  <IMDB_ID></IMDB_ID>
  <Language>en</Language>
  <Overview>Britain's best loved fish and chips restaurant chain is under threat. Harry Ramsden's new CEO Marija Simovic has taken on a struggling brand. The recession and increased fast food competition means the 80-year-old business is no longer an integral part of any seaside trip.</Overview>
  <ProductionCode></ProductionCode>
  <Rating></Rating>
  <RatingCount>0</RatingCount>
  <SeasonNumber>2</SeasonNumber>
  <Writer></Writer>
  <absolute_number></absolute_number>
  <filename>episodes/100061/2486591.jpg</filename>
  <lastupdated>1281112780</lastupdated>
  <seasonid>279771</seasonid>
  <seriesid>100061</seriesid>
</Episode>
<Episode>
  <id>2530791</id>
  <Combined_episodenumber>4</Combined_episodenumber>
  <Combined_season>2</Combined_season>
  <DVD_chapter></DVD_chapter>
  <DVD_discid></DVD_discid>
  <DVD_episodenumber></DVD_episodenumber>
  <DVD_season></DVD_season>
  <Director></Director>
  <EpImgFlag>2</EpImgFlag>
  <EpisodeName>Paul Fisher, The Jockey Club</EpisodeName>
  <EpisodeNumber>4</EpisodeNumber>
  <FirstAired>2010-08-05</FirstAired>
  <GuestStars></GuestStars>
  <IMDB_ID></IMDB_ID>
  <Language>en</Language>
  <Overview></Overview>
  <ProductionCode></ProductionCode>
  <Rating></Rating>
  <RatingCount>0</RatingCount>
  <SeasonNumber>2</SeasonNumber>
  <Writer></Writer>
  <absolute_number></absolute_number>
  <filename>episodes/100061/2530791.jpg</filename>
  <lastupdated>1281112762</lastupdated>
  <seasonid>279771</seasonid>
  <seriesid>100061</seriesid>
</Episode>
<Episode>
  <id>2628621</id>
  <Combined_episodenumber>5</Combined_episodenumber>
  <Combined_season>2</Combined_season>
  <DVD_chapter></DVD_chapter>
  <DVD_discid></DVD_discid>
  <DVD_episodenumber></DVD_episodenumber>
  <DVD_season></DVD_season>
  <Director></Director>
  <EpImgFlag>2</EpImgFlag>
  <EpisodeName>Colin Drummond, Viridor</EpisodeName>
  <EpisodeNumber>5</EpisodeNumber>
  <FirstAired>2010-08-12</FirstAired>
  <GuestStars></GuestStars>
  <IMDB_ID></IMDB_ID>
  <Language>en</Language>
  <Overview></Overview>
  <ProductionCode></ProductionCode>
  <Rating>7.0</Rating>
  <RatingCount>1</RatingCount>
  <SeasonNumber>2</SeasonNumber>
  <Writer></Writer>
  <absolute_number></absolute_number>
  <filename>episodes/100061/2628621.jpg</filename>
  <lastupdated>1281867988</lastupdated>
  <seasonid>279771</seasonid>
  <seriesid>100061</seriesid>
</Episode>
<Episode>
  <id>4081775</id>
  <Combined_episodenumber>6</Combined_episodenumber>
  <Combined_season>2</Combined_season>
  <DVD_chapter></DVD_chapter>
  <DVD_discid></DVD_discid>
  <DVD_episodenumber></DVD_episodenumber>
  <DVD_season></DVD_season>
  <Director></Director>
  <EpImgFlag></EpImgFlag>
  <EpisodeName>Narin Ganesh, Crown Worldwide Group</EpisodeName>
  <EpisodeNumber>6</EpisodeNumber>
  <FirstAired>2010-08-19</FirstAired>
  <GuestStars></GuestStars>
  <IMDB_ID></IMDB_ID>
  <Language>en</Language>
  <Overview>Narin Ganesh is the Finance Director of Crown Worldwide, a company who specialise in international relocations for multinational corporations, governments and private individuals.

Narin Ganesh will go undercover as Paul Ramdhanie, pretending to be recently made redundant from an office job, to find out what's happening at the ground level.</Overview>
  <ProductionCode></ProductionCode>
  <Rating></Rating>
  <RatingCount>0</RatingCount>
  <SeasonNumber>2</SeasonNumber>
  <Writer></Writer>
  <absolute_number></absolute_number>
  <filename></filename>
  <lastupdated>1303324243</lastupdated>
  <seasonid>279771</seasonid>
  <seriesid>100061</seriesid>
</Episode>
</Data>