<?xml version="1.0" encoding="UTF-8" ?>
<Actors>
<Actor>
  <id>30810</id>
  <Image></Image>
  <Name>Amy Carlson</Name>
  <Role></Role>
  <SortOrder>3</SortOrder>
</Actor>
<Actor>
  <id>30814</id>
  <Image></Image>
  <Name>Bebe Neuwirth</Name>
  <Role></Role>
  <SortOrder>3</SortOrder>
</Actor>
<Actor>
  <id>30811</id>
  <Image></Image>
  <Name>Fred Thompson</Name>
  <Role></Role>
  <SortOrder>3</SortOrder>
</Actor>
<Actor>
  <id>30809</id>
  <Image></Image>
  <Name>Jerry Orbach</Name>
  <Role></Role>
  <SortOrder>3</SortOrder>
</Actor>
<Actor>
  <id>30812</id>
  <Image></Image>
  <Name>Kirk Acevedo</Name>
  <Role></Role>
  <SortOrder>3</SortOrder>
</Actor>
<Actor>
  <id>30813</id>
  <Image></Image>
  <Name>Scott Cohen</Name>
  <Role></Role>
  <SortOrder>3</SortOrder>
</Actor>
</Actors>