<?xml version="1.0" encoding="UTF-8" ?>
<Data><Series>
  <id>74191</id>
  <Actors>|Amy Carlson|Bebe Neuwirth|Fred Thompson|Jerry Orbach|Kirk Acevedo|Scott Cohen|</Actors>
  <Airs_DayOfWeek>Friday</Airs_DayOfWeek>
  <Airs_Time>10:00 PM</Airs_Time>
  <ContentRating></ContentRating>
  <FirstAired>2005-03-03</FirstAired>
  <Genre>|Drama|</Genre>
  <IMDB_ID>tt0406429</IMDB_ID>
  <Language>en</Language>
  <Network>NBC</Network>
  <NetworkID></NetworkID>
  <Overview>Law &amp; Order: Trial by Jury, the latest series from Dick Wolf, architect of the most successful brand in primetime television with NBC's Law &amp; Order, takes viewers where they have never been before. For the first time, a Law &amp; Order series is told not only from the point-of-view of the prosecutors and police -- but also from the perspective of the defense attorneys, defendants, judges and jurors.  Law &amp; Order: Trial by Jury shows the inner workings of the judicial system, beginning with the arraignment, and continuing through the prosecutors' complicated process of building a case, investigating leads and preparing witnesses for trial.  The series stars Bebe Neuwirth (Cheers, Chicago) as Assistant District Attorney, Tracey Kibre and Amy Carlson (NBC's Third Watch) as Assistant District Attorney, Kelly Gaffney. Reprising his Law &amp; Order role will be Fred Dalton Thompson as District Attorney Arthur Branch and the late Jerry Orbach as Lennie Briscoe, a retired police detective working as an Investigator for the District Attorney and Kirk Acevedo (“Band of Brothers”) also stars as Briscoe’s partner, DA Investigator Hector Salazar.</Overview>
  <Rating>6.0</Rating>
  <RatingCount>2</RatingCount>
  <Runtime>60</Runtime>
  <SeriesID>25938</SeriesID>
  <SeriesName>Law &amp; Order: Trial by Jury</SeriesName>
  <Status>Ended</Status>
  <added></added>
  <addedBy></addedBy>
  <banner>graphical/25938-g.jpg</banner>
  <fanart></fanart>
  <lastupdated>1306226823</lastupdated>
  <poster></poster>
  <zap2it_id>SH726130</zap2it_id>
</Series>
<Episode>
  <id>3653751</id>
  <Combined_episodenumber>1</Combined_episodenumber>
  <Combined_season>0</Combined_season>
  <DVD_chapter></DVD_chapter>
  <DVD_discid></DVD_discid>
  <DVD_episodenumber></DVD_episodenumber>
  <DVD_season></DVD_season>
  <Director>|Eric Stoltz|</Director>
  <EpImgFlag>2</EpImgFlag>
  <EpisodeName>Tombstone (1)</EpisodeName>
  <EpisodeNumber>1</EpisodeNumber>
  <FirstAired>2005-04-13</FirstAired>
  <GuestStars>|Fritz Weaver|Paul Fitzgerald|</GuestStars>
  <IMDB_ID></IMDB_ID>
  <Language>en</Language>
  <Overview>The bludgeoned corpse of a promiscuous lawyer is found in her office, and detectives treat her former lovers as suspects until DNA evidence points to a co-worker.</Overview>
  <ProductionCode>E5325</ProductionCode>
  <Rating></Rating>
  <RatingCount>0</RatingCount>
  <SeasonNumber>0</SeasonNumber>
  <Writer>|Rick Eid|</Writer>
  <absolute_number></absolute_number>
  <airsafter_season></airsafter_season>
  <airsbefore_episode>8</airsbefore_episode>
  <airsbefore_season>1</airsbefore_season>
  <filename>episodes/74191/3653751.jpg</filename>
  <lastupdated>1297128341</lastupdated>
  <seasonid>21653</seasonid>
  <seriesid>74191</seriesid>
</Episode>
<Episode>
  <id>3653761</id>
  <Combined_episodenumber>2</Combined_episodenumber>
  <Combined_season>0</Combined_season>
  <DVD_chapter></DVD_chapter>
  <DVD_discid></DVD_discid>
  <DVD_episodenumber></DVD_episodenumber>
  <DVD_season></DVD_season>
  <Director>|Arthur W. Forney|Juan J. Campanella|</Director>
  <EpImgFlag></EpImgFlag>
  <EpisodeName>Night (1)</EpisodeName>
  <EpisodeNumber>2</EpisodeNumber>
  <FirstAired>2005-05-03</FirstAired>
  <GuestStars>|Alfred Molina|Angela Lansbury|Bradley Cooper|Anya Migdal|Stelio Savante|Lou Ferguson|Marlyne N. Afflack|Bebe Neuwirth|Kirk Acevedo|Rita Moreno|</GuestStars>
  <IMDB_ID></IMDB_ID>
  <Language>en</Language>
  <Overview>After a young woman is found raped and murdered near a nightclub, with five hundred dollars stuffed into her mouth, Benson and Stabler follow the fingerprint trail on the money to attorney Jason Whitaker, whose sole responsibility seems to be handling the trust for the Duvall family. Soon detectives are convinced that Gabriel Duvall is their rapist, but don't have quite enough evidence to put him away. A.D.A. Novak is working on both the case and a terrified former victim when she is brutally attacked in her office late at night.
</Overview>
  <ProductionCode>E5224715</ProductionCode>
  <Rating></Rating>
  <RatingCount>0</RatingCount>
  <SeasonNumber>0</SeasonNumber>
  <Writer>|Amanda Green|</Writer>
  <absolute_number></absolute_number>
  <airsafter_season></airsafter_season>
  <airsbefore_episode>11</airsbefore_episode>
  <airsbefore_season>1</airsbefore_season>
  <filename></filename>
  <lastupdated>1297128473</lastupdated>
  <seasonid>21653</seasonid>
  <seriesid>74191</seriesid>
</Episode>
<Episode>
  <id>140962</id>
  <Combined_episodenumber>1</Combined_episodenumber>
  <Combined_season>1</Combined_season>
  <DVD_chapter></DVD_chapter>
  <DVD_discid></DVD_discid>
  <DVD_episodenumber></DVD_episodenumber>
  <DVD_season></DVD_season>
  <Director>|Jean de Segonzac|</Director>
  <EpImgFlag>1</EpImgFlag>
  <EpisodeName>The Abominable Showman</EpisodeName>
  <EpisodeNumber>1</EpisodeNumber>
  <FirstAired>2005-03-03</FirstAired>
  <GuestStars>|George Loros|David Rogers|Sam Waterston|Tony Bill|Candice Bergen|Annabella Sciorra|Lisa Emery|Donald Moffat|Cady Huffman|Tom O'Rourke|Ben Shenkman|Patricia Mauceri|Jill Flint|Rebecca Mader|Lynn Chen|Bo Dietl|Alyssa Rae|Nikki E. Walker|Tony Cucci|Chris Mc|</GuestStars>
  <IMDB_ID></IMDB_ID>
  <Language>en</Language>
  <Overview>Kibre tries a Broadway producer for the death of an aspiring actress, even though there is no body.</Overview>
  <ProductionCode>E5701</ProductionCode>
  <Rating></Rating>
  <RatingCount>0</RatingCount>
  <SeasonNumber>1</SeasonNumber>
  <Writer>|Dick Wolf|</Writer>
  <absolute_number></absolute_number>
  <filename>episodes/74191/140962.jpg</filename>
  <lastupdated>1297128558</lastupdated>
  <seasonid>7076</seasonid>
  <seriesid>74191</seriesid>
</Episode>
<Episode>
  <id>140963</id>
  <Combined_episodenumber>2</Combined_episodenumber>
  <Combined_season>1</Combined_season>
  <DVD_chapter></DVD_chapter>
  <DVD_discid></DVD_discid>
  <DVD_episodenumber></DVD_episodenumber>
  <DVD_season></DVD_season>
  <Director>|Caleb Deschanel|</Director>
  <EpImgFlag>1</EpImgFlag>
  <EpisodeName>Forty-One Shots</EpisodeName>
  <EpisodeNumber>2</EpisodeNumber>
  <FirstAired>2005-03-04</FirstAired>
  <GuestStars>|Peter Coyote|Candice Bergen|Carey Lowell|Anthony Treach Criss|Jessica Chastain|James Hanlon|Curtiss I'Cook|Aliya Campbell|Peter Appel|Suzette Gunn|Stephanie Berry|Anne L. Nathan|David Lipman|Gerrit Vooren|Cynthia Addai-Robinson|Cortez Nance Jr.|Sanjit|</GuestStars>
  <IMDB_ID></IMDB_ID>
  <Language>en</Language>
  <Overview>Kibre and Gaffney must prosecute an accused cop killer, who was shot by the police 41 times.</Overview>
  <ProductionCode>E5707</ProductionCode>
  <Rating></Rating>
  <RatingCount>0</RatingCount>
  <SeasonNumber>1</SeasonNumber>
  <Writer>|Walon Green|</Writer>
  <absolute_number></absolute_number>
  <filename>episodes/74191/140963.jpg</filename>
  <lastupdated>1297129676</lastupdated>
  <seasonid>7076</seasonid>
  <seriesid>74191</seriesid>
</Episode>
<Episode>
  <id>140964</id>
  <Combined_episodenumber>3</Combined_episodenumber>
  <Combined_season>1</Combined_season>
  <DVD_chapter></DVD_chapter>
  <DVD_discid></DVD_discid>
  <DVD_episodenumber></DVD_episodenumber>
  <DVD_season></DVD_season>
  <Director>|Dwight Little|</Director>
  <EpImgFlag>1</EpImgFlag>
  <EpisodeName>Vigilante</EpisodeName>
  <EpisodeNumber>3</EpisodeNumber>
  <FirstAired>2005-03-11</FirstAired>
  <GuestStars>|Susan Blommaert|Lorraine Bracco|Aidan Gillen|Julia Barnett|Jessica Chastain|Seth Gilliam|Mary Fogarty|James Murtaugh|Ron Orbach|Scott Cohen|Paul Lazar|William Prael|David Bishins|Sarah Hyland|Brooke Elliott|Sanjit De Silva|Katherine Puma|Marco Verna|Rob|</GuestStars>
  <IMDB_ID></IMDB_ID>
  <Language>en</Language>
  <Overview>Kibre and Gaffney take on the job of prosecuting a man who is suspected of killing a pedophile, whom was recently paroled from prison.</Overview>
  <ProductionCode>E5712</ProductionCode>
  <Rating></Rating>
  <RatingCount>0</RatingCount>
  <SeasonNumber>1</SeasonNumber>
  <Writer>|David Wilcox|</Writer>
  <absolute_number></absolute_number>
  <filename>episodes/74191/140964.jpg</filename>
  <lastupdated>1297130308</lastupdated>
  <seasonid>7076</seasonid>
  <seriesid>74191</seriesid>
</Episode>
<Episode>
  <id>140965</id>
  <Combined_episodenumber>4</Combined_episodenumber>
  <Combined_season>1</Combined_season>
  <DVD_chapter></DVD_chapter>
  <DVD_discid></DVD_discid>
  <DVD_episodenumber></DVD_episodenumber>
  <DVD_season></DVD_season>
  <Director>|Constantine Makris|Walon Green|David Wilcox|</Director>
  <EpImgFlag>1</EpImgFlag>
  <EpisodeName>Truth or Consequences</EpisodeName>
  <EpisodeNumber>4</EpisodeNumber>
  <FirstAired>2005-03-18</FirstAired>
  <GuestStars>|David Vadim|Warren Blosjo|Adam LaVorgna|Ebon Moss-Bachrach|Peter Gerety|Ron McLarty|Ann Dowd|Patrick Collins|Kahan James|Paul Calderon|Jeffrey DeMunn|Lizabeth Mackay|Angel David|James Hiroyuki Liao|Matthew Cowles|Catrina Ganey|Adelia Saunders|Hudson Coop|</GuestStars>
  <IMDB_ID></IMDB_ID>
  <Language>en</Language>
  <Overview>Kibre must prosecute three boys, who implicate each other in a rape and murder, only she can't decide who is telling the truth.</Overview>
  <ProductionCode>E5703</ProductionCode>
  <Rating></Rating>
  <RatingCount>0</RatingCount>
  <SeasonNumber>1</SeasonNumber>
  <Writer>|David Wilcox|</Writer>
  <absolute_number></absolute_number>
  <filename>episodes/74191/140965.jpg</filename>
  <lastupdated>1297131395</lastupdated>
  <seasonid>7076</seasonid>
  <seriesid>74191</seriesid>
</Episode>
<Episode>
  <id>140966</id>
  <Combined_episodenumber>5</Combined_episodenumber>
  <Combined_season>1</Combined_season>
  <DVD_chapter></DVD_chapter>
  <DVD_discid></DVD_discid>
  <DVD_episodenumber></DVD_episodenumber>
  <DVD_season></DVD_season>
  <Director>|Michael Pressman|Pamela J. Wechsler|</Director>
  <EpImgFlag>1</EpImgFlag>
  <EpisodeName>Baby Boom</EpisodeName>
  <EpisodeNumber>5</EpisodeNumber>
  <FirstAired>2005-03-25</FirstAired>
  <GuestStars>|Linda Emond|Candice Bergen|Michael Cullen|Elizabeth Moss|Aasif Mandvi|Tim Kang|Bruce Davison|Gordana Rashovich|Leslie Hendrix|Isabel Glasser|Seth Gilliam|Nicholas Webber|Ann Hu|Anna Hopkins|Lindsay Campbell|Russell G. Jones|Rik Alan Walter|Geneva Carr|Da|</GuestStars>
  <IMDB_ID></IMDB_ID>
  <Language>en</Language>
  <Overview>Kibre and Gaffney must prosecute a nanny accused of killing the baby she was caring for by causing shaken baby syndrome. The only problem is they receive a judge who favors the defense since he was a former legal aid attorney.</Overview>
  <ProductionCode>E5704</ProductionCode>
  <Rating></Rating>
  <RatingCount>0</RatingCount>
  <SeasonNumber>1</SeasonNumber>
  <Writer>|Joan Rater|Tony Phelan|</Writer>
  <absolute_number></absolute_number>
  <filename>episodes/74191/140966.jpg</filename>
  <lastupdated>1297131407</lastupdated>
  <seasonid>7076</seasonid>
  <seriesid>74191</seriesid>
</Episode>
<Episode>
  <id>140967</id>
  <Combined_episodenumber>6</Combined_episodenumber>
  <Combined_season>1</Combined_season>
  <DVD_chapter></DVD_chapter>
  <DVD_discid></DVD_discid>
  <DVD_episodenumber></DVD_episodenumber>
  <DVD_season></DVD_season>
  <Director>|Constantine Makris|Pamela J. Wechsler|</Director>
  <EpImgFlag></EpImgFlag>
  <EpisodeName>Pattern of Conduct</EpisodeName>
  <EpisodeNumber>6</EpisodeNumber>
  <FirstAired>2005-04-01</FirstAired>
  <GuestStars>|Danny Johnson|Zoe Lister-Jones|David Rogers|Seth Gilliam|Ben Shenkman|Michael Mulheren|Clarke Peters|Damaine Radcliff|Sherri Saum|Marlyne N. Afflack|Pascale Armand|Anne L. Nathan|Jessica Leccia|Brian M. O'Neill|Umit Celebi|Irene Glezos|Anna George|Mitche|</GuestStars>
  <IMDB_ID></IMDB_ID>
  <Language>en</Language>
  <Overview>Kibre tries a celebrity basketball star accused of raping and murdering his mistress. However, she runs into trouble when the star's wife has a slip of the tongue on the stand.</Overview>
  <ProductionCode>E5710</ProductionCode>
  <Rating>3.0</Rating>
  <RatingCount>1</RatingCount>
  <SeasonNumber>1</SeasonNumber>
  <Writer>|Pamela J. Wechsler|Walon Green|</Writer>
  <absolute_number></absolute_number>
  <filename></filename>
  <lastupdated>1163101692</lastupdated>
  <seasonid>7076</seasonid>
  <seriesid>74191</seriesid>
</Episode>
<Episode>
  <id>140968</id>
  <Combined_episodenumber>7</Combined_episodenumber>
  <Combined_season>1</Combined_season>
  <DVD_chapter></DVD_chapter>
  <DVD_discid></DVD_discid>
  <DVD_episodenumber></DVD_episodenumber>
  <DVD_season></DVD_season>
  <Director>|Caleb Deschanel|</Director>
  <EpImgFlag>1</EpImgFlag>
  <EpisodeName>Bang &amp; Blame</EpisodeName>
  <EpisodeNumber>7</EpisodeNumber>
  <FirstAired>2005-04-08</FirstAired>
  <GuestStars>|Felix Solis|Marc Aden Gray|Jeff Perry|Carey Lowell|John Scurti|Seth Gilliam|Aasif Mandvi|Sandra Daley|Johanna Day|Ranjit Chowdhry|Keith Reddin|David Lipman|Ron Domingo|Aaron Lohr|Mark Lotito|Sharrieff Pugh|Marisa Redanty|Daniel Eric Gold|Ken Cheeseman|Jo|</GuestStars>
  <IMDB_ID></IMDB_ID>
  <Language>en</Language>
  <Overview>Kibre prosecutes a man who shot up the bank where he worked, killing the woman responsible for his son being in a coma. She runs into trouble when the man decides to represent himself, and the jury is sympathetic for him.</Overview>
  <ProductionCode>E5711</ProductionCode>
  <Rating>3.0</Rating>
  <RatingCount>1</RatingCount>
  <SeasonNumber>1</SeasonNumber>
  <Writer>|Chris Levinson|</Writer>
  <absolute_number></absolute_number>
  <filename>episodes/74191/140968.jpg</filename>
  <lastupdated>1297135129</lastupdated>
  <seasonid>7076</seasonid>
  <seriesid>74191</seriesid>
</Episode>
<Episode>
  <id>140969</id>
  <Combined_episodenumber>8</Combined_episodenumber>
  <Combined_season>1</Combined_season>
  <DVD_chapter></DVD_chapter>
  <DVD_discid></DVD_discid>
  <DVD_episodenumber></DVD_episodenumber>
  <DVD_season></DVD_season>
  <Director>|David Platt|</Director>
  <EpImgFlag>1</EpImgFlag>
  <EpisodeName>Skeleton (2)</EpisodeName>
  <EpisodeNumber>8</EpisodeNumber>
  <FirstAired>2005-04-15</FirstAired>
  <GuestStars>|Jonathan Hogan|Ritchie Coster|Dennis Farina|Richard Belzer|Jesse L. Martin|S. Epatha Merkerson|Debrah Farentino|Jose Edwin Soto|Margarita Levieva|Sam Waterston|Tim Hopper|Mariann Mayberry|Gene Canfield|Brud Fogarty|Lucas Papaelias|Bryan Scott Johnson|Ric|</GuestStars>
  <IMDB_ID></IMDB_ID>
  <Language>en</Language>
  <Overview>Kibre prosecutes the man accused of shooting Detective Ed Green and murdering the key witness in the case he was working on. (Part 1: &quot;Tombstone&quot; aired on Law &amp; Order: season 15, episode 20.)
</Overview>
  <ProductionCode>E5716</ProductionCode>
  <Rating>4.0</Rating>
  <RatingCount>1</RatingCount>
  <SeasonNumber>1</SeasonNumber>
  <Writer>|David Wilcox|</Writer>
  <absolute_number></absolute_number>
  <filename>episodes/74191/140969.jpg</filename>
  <lastupdated>1297135165</lastupdated>
  <seasonid>7076</seasonid>
  <seriesid>74191</seriesid>
</Episode>
<Episode>
  <id>140970</id>
  <Combined_episodenumber>9</Combined_episodenumber>
  <Combined_season>1</Combined_season>
  <DVD_chapter></DVD_chapter>
  <DVD_discid></DVD_discid>
  <DVD_episodenumber></DVD_episodenumber>
  <DVD_season></DVD_season>
  <Director>|Richard Pearce|</Director>
  <EpImgFlag>1</EpImgFlag>
  <EpisodeName>The Line</EpisodeName>
  <EpisodeNumber>9</EpisodeNumber>
  <FirstAired>2005-04-22</FirstAired>
  <GuestStars>|Judy Marte|Gabriel Casseus|Philip Casnoff|Peter McRobbie|Christina Kirk|Edwina Findley|David Aaron Baker|Wendell Pierce|Curtis L. McClarin|Jaime Tirelli|Lori Tan Chinn|Amy Raudenbush|Kevin Mambo|Richard D'allesandro|David Don Miller|Gil Deeble|Malcom Fos|</GuestStars>
  <IMDB_ID></IMDB_ID>
  <Language>en</Language>
  <Overview>Kibre tries a man who got away with murder, and she is desperate to convict him.</Overview>
  <ProductionCode>E5714</ProductionCode>
  <Rating></Rating>
  <RatingCount>0</RatingCount>
  <SeasonNumber>1</SeasonNumber>
  <Writer>|Tony Phelan|Joan Rater|</Writer>
  <absolute_number></absolute_number>
  <filename>episodes/74191/140970.jpg</filename>
  <lastupdated>1297135190</lastupdated>
  <seasonid>7076</seasonid>
  <seriesid>74191</seriesid>
</Episode>
<Episode>
  <id>140971</id>
  <Combined_episodenumber>10</Combined_episodenumber>
  <Combined_season>1</Combined_season>
  <DVD_chapter></DVD_chapter>
  <DVD_discid></DVD_discid>
  <DVD_episodenumber></DVD_episodenumber>
  <DVD_season></DVD_season>
  <Director>|Joe Ann Fogle|</Director>
  <EpImgFlag>1</EpImgFlag>
  <EpisodeName>Blue Wall</EpisodeName>
  <EpisodeNumber>10</EpisodeNumber>
  <FirstAired>2005-04-29</FirstAired>
  <GuestStars>|Domenick Lombardozzi|Mike Colter|Joseph Siravo|William Sadler|William Hill|John Doman|Armand Schultz|Brian Tarantina|Gordana Rashovich|Geoffrey Cantor|David Fonteno|Susan Kelechi Watson|Jack O'Connell|Deep Katdare|Curtis Mark Williams|Jason Kolotouros|Ed|</GuestStars>
  <IMDB_ID></IMDB_ID>
  <Language>en</Language>
  <Overview>Kibre prosecutes two cops for the murder of a man being held in custody, who was sodomized by the two officers. However, she hits a &quot;&quot;blue wall&quot;&quot; when none of the officers will talk about the events of the evening in question.</Overview>
  <ProductionCode>E5713</ProductionCode>
  <Rating>3.0</Rating>
  <RatingCount>1</RatingCount>
  <SeasonNumber>1</SeasonNumber>
  <Writer>|Rick Eid|</Writer>
  <absolute_number></absolute_number>
  <filename>episodes/74191/140971.jpg</filename>
  <lastupdated>1297135212</lastupdated>
  <seasonid>7076</seasonid>
  <seriesid>74191</seriesid>
</Episode>
<Episode>
  <id>140972</id>
  <Combined_episodenumber>11</Combined_episodenumber>
  <Combined_season>1</Combined_season>
  <DVD_chapter></DVD_chapter>
  <DVD_discid></DVD_discid>
  <DVD_episodenumber></DVD_episodenumber>
  <DVD_season></DVD_season>
  <Director>|Caleb Deschanel|Chris Levinson|Amanda Green|</Director>
  <EpImgFlag></EpImgFlag>
  <EpisodeName>Day (2)</EpisodeName>
  <EpisodeNumber>11</EpisodeNumber>
  <FirstAired>2005-05-03</FirstAired>
  <GuestStars>|Angela Lansbury|Alfred Molina|Rita Moreno|Bradley Cooper|Anya Migdal|Carolyn McCormick|Christopher Meloni|Mariska Hargitay|Diane Neal|Tamara Tunie|Larry King|Allan Miller|Mary Jo Deschanel|Nicholas Webber|Gretchen Gleevely|Nicole Leach|Joe Holt|Arlene Ch|</GuestStars>
  <IMDB_ID></IMDB_ID>
  <Language>en</Language>
  <Overview>After the attack on ADA Novak, Branch assigns Kibre the job of prosecuting a man responsible for sixteen rapes, and one murder. The only problems are a rich socialite mother who finds ways out for her son, and a defense lawyer who will do anything to win. (Part 1: &quot;Night&quot; aired on Law &amp; Order: Special Victims Unit: season 06, episode 20.)
</Overview>
  <ProductionCode>E5715</ProductionCode>
  <Rating>3.0</Rating>
  <RatingCount>1</RatingCount>
  <SeasonNumber>1</SeasonNumber>
  <Writer>|Chris Levinson|</Writer>
  <absolute_number></absolute_number>
  <filename></filename>
  <lastupdated>1175999048</lastupdated>
  <seasonid>7076</seasonid>
  <seriesid>74191</seriesid>
</Episode>
<Episode>
  <id>140973</id>
  <Combined_episodenumber>12</Combined_episodenumber>
  <Combined_season>1</Combined_season>
  <DVD_chapter></DVD_chapter>
  <DVD_discid></DVD_discid>
  <DVD_episodenumber></DVD_episodenumber>
  <DVD_season></DVD_season>
  <Director>|Aaron Lipstadt|</Director>
  <EpImgFlag>1</EpImgFlag>
  <EpisodeName>Boys Will Be Boys</EpisodeName>
  <EpisodeNumber>12</EpisodeNumber>
  <FirstAired>2005-05-06</FirstAired>
  <GuestStars>|Giancarlo Esposito|Rosa Arredondo|Victor Rasuk|Nancy Ticotin|Catherine Wolf|Betsy Aidem|</GuestStars>
  <IMDB_ID></IMDB_ID>
  <Language>en</Language>
  <Overview>Kibre prosecutes the man accused of murdering a transvestite, but she runs into trouble when his father confesses to the same crime.</Overview>
  <ProductionCode>E5706</ProductionCode>
  <Rating>3.0</Rating>
  <RatingCount>1</RatingCount>
  <SeasonNumber>1</SeasonNumber>
  <Writer>|Rick Eid|</Writer>
  <absolute_number></absolute_number>
  <filename>episodes/74191/140973.jpg</filename>
  <lastupdated>1297135258</lastupdated>
  <seasonid>7076</seasonid>
  <seriesid>74191</seriesid>
</Episode>
<Episode>
  <id>140974</id>
  <Combined_episodenumber>13</Combined_episodenumber>
  <Combined_season>1</Combined_season>
  <DVD_chapter></DVD_chapter>
  <DVD_discid></DVD_discid>
  <DVD_episodenumber></DVD_episodenumber>
  <DVD_season></DVD_season>
  <Director>Joe Ann Fogle</Director>
  <EpImgFlag>1</EpImgFlag>
  <EpisodeName>Eros in the Upper Eighties</EpisodeName>
  <EpisodeNumber>13</EpisodeNumber>
  <FirstAired>2006-01-21</FirstAired>
  <GuestStars>Ron Silver|Colman Domingo|Tristine Skyler|Lothaire Bluteau</GuestStars>
  <IMDB_ID></IMDB_ID>
  <Language>en</Language>
  <Overview>In the interests of justice, A.D.A.'s Kibre and Gaffney are forced to prosecute a doorman who killed a homeless man while he attacked a frightened woman who lived in the building. After the woman tells the grand jury that she's been stalked for four months, thinking it was the homeless man. Kibre and Gaffney look into who the stalker was and are shocked when they find out.</Overview>
  <ProductionCode>E5705</ProductionCode>
  <Rating>3.0</Rating>
  <RatingCount>1</RatingCount>
  <SeasonNumber>1</SeasonNumber>
  <Writer>Chris Levinson</Writer>
  <absolute_number></absolute_number>
  <filename>episodes/74191/140974.jpg</filename>
  <lastupdated>1297135290</lastupdated>
  <seasonid>7076</seasonid>
  <seriesid>74191</seriesid>
</Episode>
<Episode>
  <id>541781</id>
  <Combined_episodenumber>14</Combined_episodenumber>
  <Combined_season>1</Combined_season>
  <DVD_chapter></DVD_chapter>
  <DVD_discid></DVD_discid>
  <DVD_episodenumber></DVD_episodenumber>
  <DVD_season></DVD_season>
  <Director></Director>
  <EpImgFlag></EpImgFlag>
  <EpisodeName>Unaired Episode</EpisodeName>
  <EpisodeNumber>14</EpisodeNumber>
  <FirstAired></FirstAired>
  <GuestStars></GuestStars>
  <IMDB_ID></IMDB_ID>
  <Language>en</Language>
  <Overview></Overview>
  <ProductionCode></ProductionCode>
  <Rating></Rating>
  <RatingCount>0</RatingCount>
  <SeasonNumber>1</SeasonNumber>
  <Writer></Writer>
  <absolute_number></absolute_number>
  <filename></filename>
  <lastupdated>1296992652</lastupdated>
  <seasonid>7076</seasonid>
  <seriesid>74191</seriesid>
</Episode>
</Data>