<?xml version="1.0" encoding="UTF-8" ?>
<Banners>
<Banner>
  <id>691361</id>
  <BannerPath>fanart/original/100481-1.jpg</BannerPath>
  <BannerType>fanart</BannerType>
  <BannerType2>1280x720</BannerType2>
  <Colors></Colors>
  <Language>en</Language>
  <Rating></Rating>
  <RatingCount>0</RatingCount>
  <SeriesName>true</SeriesName>
  <ThumbnailPath>_cache/fanart/original/100481-1.jpg</ThumbnailPath>
  <VignettePath>fanart/vignette/100481-1.jpg</VignettePath>
</Banner>
<Banner>
  <id>141211</id>
  <BannerPath>graphical/100481-g.jpg</BannerPath>
  <BannerType>series</BannerType>
  <BannerType2>graphical</BannerType2>
  <Language>en</Language>
  <Rating></Rating>
  <RatingCount>0</RatingCount>
</Banner>
</Banners>